p0,T,Iter,BIC_Rel_MSE,Joint_BMA_Rel_MSE
4,96,0,1.3124925492365418,0.2632994400425259
4,96,1,,1.1005354710116513
4,96,2,2.5412289137344564,0.7247315129968905
4,96,3,0.31657715651429313,0.5208642418102356
4,96,4,1.6017524273270807,1.7032012890454273
4,96,5,1.1853350237925477,0.5728609626734465
4,96,6,0.5950454469475204,0.3478125121017016
4,96,7,0.5932184809915048,4.506112316772983
4,96,8,0.5900384736952438,0.5707079697804636
4,96,9,0.6812561708186234,0.32183554006971427
4,96,10,0.8121414911935909,0.27969627229697497
4,96,11,1.9156773947658865,1.5766958482655513
4,96,12,1.3117227207891642,1.4802451724331462
4,96,13,2.679597745713645,0.29531191898382037
4,96,14,1.2086244050727686,0.8712442452028286
4,96,15,3.4550324443761333,3.204285516986998
4,96,16,2.2781880401721573,2.074502742713543
4,96,17,1.09833533506539,0.9175499654323396
4,96,18,0.7802491739188725,1.6896516602738105
4,96,19,0.7648694628915673,0.19132329771026926
4,96,20,0.5868005618176789,0.3114689957797981
4,96,21,,0.6315547150579799
4,96,22,1.2030926868227272,0.4259044418656
4,96,23,3.5582976602564593,0.6126023205619697
4,96,24,1.5660130890201045,0.8135251793172412
4,96,25,2.0782042049615304,0.5212285699785718
4,96,26,0.2204061288753056,1.1753643591435234
4,96,27,2.6237434315865467,4.419883139040519
4,96,28,0.41907167166969594,0.4173874369566762
4,96,29,0.28269261743991925,0.9146931622631855
4,96,30,0.3841686850593436,0.7894684601076422
4,96,31,1.9684450957735409,0.2504949574894932
4,96,32,0.2540915953053146,0.5936049004217291
4,96,33,0.8099277258285698,1.0435122509408075
4,96,34,1.0856715555942968,3.631508327938561
4,96,35,2.2504462990517524,2.7966087745769035
4,96,36,1.7612916512515555,1.605364955899621
4,96,37,1.7550095019965248,1.5346106123627294
4,96,38,0.3407031136455477,0.29469914356237037
4,96,39,1.303721132850482,1.147123898973493
4,96,40,0.7375550336442305,0.2668199918483648
4,96,41,0.6505877057962002,0.9149732005548378
4,96,42,1.9079960208279192,1.121727176500235
4,96,43,0.8178595783269558,1.1020632932047019
4,96,44,0.789784783484828,1.194645325985902
4,96,45,0.9008113747223457,0.3579555657166731
4,96,46,6.186774303394313,5.842421366738828
4,96,47,0.363009822422618,0.9345985334927311
4,96,48,1.6966978806222104,0.6733983045818875
4,96,49,0.5690028262811037,0.5039909258754409
4,96,50,0.37600216600849584,0.21615946114326953
4,96,51,,
4,96,52,,1.4599868965869574
4,96,53,0.8949465702232796,0.31298794955607745
4,96,54,0.6411489734112743,1.03709959410595
4,96,55,1.137642092656553,0.9879652523675218
4,96,56,0.3390397053708696,0.882282845233147
4,96,57,2.1100406147689332,5.197135482049254
4,96,58,0.7694489779883853,0.194149703046033
4,96,59,,
4,96,60,5.56603197653041,1.7103499716493555
4,96,61,0.9877901895884128,0.5070985869034597
4,96,62,1.1382822632831835,0.33048316845645576
4,96,63,2.8858439979757904,1.2786798796234817
4,96,64,1.6497851924638594,0.3791157890056795
4,96,65,0.9329800386141321,1.5699697983615193
4,96,66,1.4091154775144736,0.8830229316158184
4,96,67,2.33567217522601,1.7633458554978074
4,96,68,1.4035133321344944,1.5924081506321721
4,96,69,1.0507072924483998,0.5256398723496921
4,96,70,1.0791272427557206,0.80047511217848
4,96,71,5.837694103599535,5.572342166010589
4,96,72,0.5237731889573645,0.7916147103159583
4,96,73,0.42581302952967864,0.6929073173472394
4,96,74,,1.0403013759922197
4,96,75,0.7741681374560136,1.0205465539800154
4,96,76,,
4,96,77,1.4257445607784363,1.850233808081335
4,96,78,1.2385434531147708,0.5155879086277833
4,96,79,1.3628902193014731,1.7571517277111668
4,96,80,0.2680201199399787,0.050432465114738534
4,96,81,2.222576599632516,2.0006008173519807
4,96,82,1.70373224681982,0.4704362070142818
4,96,83,2.0802715926647655,2.7972881373768304
4,96,84,0.6728000664405075,3.8308254165391658
4,96,85,0.1726933505886376,0.1828090063533219
4,96,86,5.7999098822829005,5.764220458570873
4,96,87,0.44400646218526385,0.27663740038587126
4,96,88,1.9082609800685704,1.4885800950525216
4,96,89,0.7211751459763001,0.7547975424883328
4,96,90,0.4462026456355643,0.1562831126877271
4,96,91,0.9837706600449714,0.47351819968669023
4,96,92,,
4,96,93,7.587744402926407,2.2301197985477788
4,96,94,3.0341570389892754,2.3835791022298847
4,96,95,0.19040807874328633,0.8840381504298703
4,96,96,1.8888779559270916,3.0432818284440346
4,96,97,0.3883208608146686,1.2819416694785437
4,96,98,0.938615067520008,0.248484122650918
4,96,99,0.6976988082434493,0.20423841735116785
4,144,0,0.9270602300394605,1.0499146850586194
4,144,1,,
4,144,2,4.5010974576193865,2.990556354141522
4,144,3,0.7172683625243259,0.19364248807458806
4,144,4,,
4,144,5,1.2972411949662506,2.040840844659809
4,144,6,1.1442100157360258,0.8183753420531211
4,144,7,0.9218353723473587,3.0923197675794833
4,144,8,2.428687738274496,0.7106236281872593
4,144,9,3.2856289520714044,3.8450632120986294
4,144,10,2.7388748743639977,1.7210406386558137
4,144,11,1.2813123238409427,0.9525506817099143
4,144,12,0.9013890307584229,0.45406696786814205
4,144,13,5.937303535942587,4.354505474928657
4,144,14,3.3935959410370966,0.697543172128477
4,144,15,0.39991902301094917,0.746838606197851
4,144,16,0.6096490920148881,0.708794256883433
4,144,17,1.840310219836911,4.888544146000754
4,144,18,0.28074487992970526,0.22544956563446475
4,144,19,0.8533782764313415,0.5499879832394803
4,144,20,0.8069109032308422,1.0305394931748881
4,144,21,2.2383053069626024,3.402125348873216
4,144,22,1.5869564255635809,1.2127214636854575
4,144,23,1.1013980212589274,0.3439619400613806
4,144,24,4.109877006295537,1.839705899901776
4,144,25,1.6605513898472257,0.8248057056462101
4,144,26,0.7073522415034684,0.27624661638125453
4,144,27,0.23204846855849537,1.0513583966392626
4,144,28,3.082400799362365,0.9240858269895903
4,144,29,0.7795721552929236,1.9187583952154579
4,144,30,2.1096940531791217,0.660864558553859
4,144,31,1.5685432614607688,1.4986663079907427
4,144,32,1.0005071830103758,0.95387427852609
4,144,33,0.90415220061192,0.7835944064579219
4,144,34,,1.087406752012886
4,144,35,1.0607865817203181,3.725014418080228
4,144,36,5.679677438738299,4.714490932780913
4,144,37,1.0566112341932865,1.0417972911592586
4,144,38,0.21098731345537428,0.8098353413424977
4,144,39,3.296265227603871,9.666785526880643
4,144,40,0.3681839895434208,2.2646002294268137
4,144,41,1.9875226342102312,1.8331835013706186
4,144,42,0.13416680926029814,1.1534176108115914
4,144,43,0.734599121919233,0.8832199223643217
4,144,44,,
4,144,45,0.26757625447435046,0.8862096022887425
4,144,46,1.5347572752458234,0.4950092546634403
4,144,47,0.8487640702806067,0.4315241869145021
4,144,48,0.3088274478494925,0.3108004756245102
4,144,49,0.8073516811096908,0.11096912704503283
4,144,50,1.2542854106494,0.7805516502281963
4,144,51,0.10401977513723937,0.5557574592941585
4,144,52,1.2004697866738296,0.12278584381388827
4,144,53,0.3475571327096504,1.11392966922145
4,144,54,2.2991289726945663,6.411135246522297
4,144,55,1.2648342017275944,1.8160294543083757
4,144,56,0.5513677201142877,1.1446590387827655
4,144,57,1.4206657824635394,0.3845276150610224
4,144,58,0.7807198447267255,1.6690093123774186
4,144,59,0.8374565377042152,0.7335850423645165
4,144,60,,1.1596539670755683
4,144,61,1.6365314735553276,1.1988648191202909
4,144,62,0.8957306091647494,0.1795320464295963
4,144,63,3.5352912100407323,3.0719675541048033
4,144,64,14.968688819270916,0.9882641626850838
4,144,65,5.164488600730956,5.760777239022632
4,144,66,1.1029052374315873,3.370280539887833
4,144,67,,
4,144,68,1.9888044284399866,0.508628881955834
4,144,69,0.8966648314296588,0.18533261872852727
4,144,70,0.46259649188392593,0.4144363266043376
4,144,71,1.1213752854923915,1.1176298478346964
4,144,72,,4.49124112889439
4,144,73,1.2760525653320782,0.3165973135833866
4,144,74,2.656930455025343,3.738364852104649
4,144,75,0.3400666609055478,2.3313875804493738
4,144,76,1.4889432184492375,1.3196945824617488
4,144,77,0.3782219364448603,0.6006204287078429
4,144,78,0.15847213720933004,0.891939862993233
4,144,79,4.195801339318704,0.6117238170615193
4,144,80,1.273587327845563,0.12286529057048239
4,144,81,0.27717421140136705,0.36808200618292775
4,144,82,,
4,144,83,1.2575592709317485,0.502518038340415
4,144,84,1.1853633878816274,0.9541598894600031
4,144,85,0.908366426691167,1.1328956017838816
4,144,86,0.9288800374112812,0.6464038746200172
4,144,87,5.536663987631455,2.570516757855668
4,144,88,1.4036407607277785,1.3194920640662162
4,144,89,1.878170069259065,1.871655107446689
4,144,90,0.7550280365413773,0.31841219998002307
4,144,91,0.787153765301595,2.0301476053953973
4,144,92,1.1637849933823416,1.6091774905071263
4,144,93,3.5175966187040606,2.8205533278227586
4,144,94,2.539383034426386,2.3296034319235055
4,144,95,3.121704901505836,3.826600450906689
4,144,96,1.0524208307286032,0.3545667446531187
4,144,97,1.6119902414194909,6.41300591305006
4,144,98,1.6007817361957333,4.092052572952388
4,144,99,1.9034731830360552,0.15923217189358327
4,240,0,0.3878517853602477,0.12322592656275613
4,240,1,0.8092620281856041,0.05099409574417482
4,240,2,0.3564106221060258,0.84546292654364
4,240,3,3.3839961063630195,2.1103537911729187
4,240,4,1.589563846053491,0.7152490403992231
4,240,5,0.1656416680285123,0.7503712998716332
4,240,6,1.3795505596301272,0.5662629404247816
4,240,7,0.3438958162148337,0.8038277324070667
4,240,8,0.4079796304663833,1.6922476251372243
4,240,9,1.0786851078201203,0.838245966348804
4,240,10,0.19788321663094605,0.2253550870439628
4,240,11,2.984248261641363,2.0577161380360858
4,240,12,0.7570732860805971,0.4557266185070753
4,240,13,1.7564689189050788,2.10586149409048
4,240,14,2.2298776982153785,1.793447944655037
4,240,15,,
4,240,16,0.954732157487462,0.16665807875412947
4,240,17,2.8527837174277573,0.8371371401718598
4,240,18,0.7663860730920818,0.24926811933594864
4,240,19,0.3698079393829512,1.9896906386113173
4,240,20,1.094854980323076,1.1723914155539101
4,240,21,1.2805869547350408,1.3571638390745022
4,240,22,3.6218408251311596,0.7254940545123025
4,240,23,0.18274403181602217,0.13215651592010302
4,240,24,0.5798806283810396,0.7150269494074576
4,240,25,2.2442864053056555,2.6773262914318154
4,240,26,0.7130010534900745,1.4044863180404104
4,240,27,4.533899648038557,4.764611373169514
4,240,28,,1.7490277199493887
4,240,29,0.4553544886750436,2.745481927288926
4,240,30,1.9235243512243885,2.0089460394339604
4,240,31,0.7864941418609732,0.3167723713946972
4,240,32,0.5146552153031854,0.6726528953032265
4,240,33,0.7649217713333892,0.49354979917708147
4,240,34,1.1697935835289461,0.29848602844411914
4,240,35,0.2971978371690042,0.7332730398157196
4,240,36,5.505070324761365,0.6051697863817425
4,240,37,1.0917746002440345,1.2503169095244646
4,240,38,4.516096397045596,5.357230540098347
4,240,39,2.4565039667109185,1.497471091574496
4,240,40,0.3760698396044941,1.6982841647909968
4,240,41,2.304831910463449,7.630716595452577
4,240,42,0.21217873602165743,0.7806961880420621
4,240,43,0.6835098565131809,0.3984215578460361
4,240,44,0.39260179706521287,0.8933530058268455
4,240,45,0.6714470192530648,0.18028099657627705
4,240,46,27.211542944556914,21.474676953247233
4,240,47,3.1794896663956713,0.8555621833720066
4,240,48,0.8388258307486098,1.4878865541972592
4,240,49,0.15895680974893872,0.2672018141425027
4,240,50,0.5156403866639258,1.2328271024397923
4,240,51,1.0421387124503512,0.20210021939309403
4,240,52,0.2389485022884026,0.23169741330134472
4,240,53,0.4664887216363006,0.30229112053920976
4,240,54,0.9745106711517088,0.1868819338430012
4,240,55,2.7607800910010036,0.6047129179930316
4,240,56,4.474579138286115,2.417928642918652
4,240,57,0.2189116533628502,0.6167587374351479
4,240,58,,
4,240,59,0.9117433554178589,0.600230092940538
4,240,60,,
4,240,61,0.7967421302873519,1.0889411170693961
4,240,62,2.6361169065587293,0.6556029830553561
4,240,63,1.2266253948145895,0.2257104263914886
4,240,64,0.3077870790547989,1.024985122031643
4,240,65,4.162430098975898,4.667450899901892
4,240,66,1.304456941327816,0.4011665819432987
4,240,67,1.8452966267811743,1.1118785814270338
4,240,68,0.6722179390997158,0.3182453178166296
4,240,69,1.6483076350871084,5.451717922016439
4,240,70,0.38165197500182574,0.3880684819138978
4,240,71,0.2714183160942872,1.6890486859621539
4,240,72,2.295484357662618,1.1432336434628343
4,240,73,1.4394587858257877,0.6227850704198007
4,240,74,0.9020323180726616,0.7650493619981498
4,240,75,7.081207112281024,9.323569053505436
4,240,76,0.2840108761290432,2.4571131241857174
4,240,77,1.0800899715256995,0.15227933198717258
4,240,78,3.999939377684455,0.44482627428774246
4,240,79,3.9754277104763016,0.7543326308204568
4,240,80,0.6138787519917762,0.21733104926619357
4,240,81,1.7366049328617563,1.1338373242802493
4,240,82,5.782597155898674,1.6488446153741096
4,240,83,0.4540132322464718,0.08752411936901178
4,240,84,2.326628845149188,2.396230883498778
4,240,85,2.0872454804863043,0.29120394346785183
4,240,86,4.267206896033164,4.0696421483601695
4,240,87,0.22873580572687616,0.2804454858452405
4,240,88,0.8960998494116581,2.272975420257057
4,240,89,1.7571311251348005,0.590897065363286
4,240,90,2.519521350513506,9.396263019747112
4,240,91,0.8780555865287856,4.711543698853865
4,240,92,1.4786737503114635,5.021933440276708
4,240,93,0.12030012526623825,1.166740296707158
4,240,94,3.839873802010271,0.48675038008198745
4,240,95,7.589590247729904,6.207780173255075
4,240,96,0.6825653832497575,1.0516961078193212
4,240,97,0.1163597531061162,0.7780414600938736
4,240,98,0.31520995137741575,0.6312716972607446
4,240,99,2.236753130115216,0.9591732534846287
4,480,0,9.7756663969461,3.6227237807033186
4,480,1,0.9592401045790272,0.2453196332144585
4,480,2,0.8321983846073853,2.9455231490330056
4,480,3,1.4438580854809469,1.2024152425513728
4,480,4,3.5962371480943855,0.8271548613735398
4,480,5,1.0520646625652388,1.1652933447816214
4,480,6,1.5756806384760502,0.38811218724999974
4,480,7,1.011989064083825,1.4902480263570919
4,480,8,2.6313804072956213,1.702790329269278
4,480,9,1.8671559780648919,2.14628442960175
4,480,10,1.0577330587406575,0.11316633340129392
4,480,11,5.788755165825617,15.658336564924506
4,480,12,7.504694096613802,11.34373174730705
4,480,13,0.4798519106795077,0.4273245779826277
4,480,14,0.24295242761530036,1.336414465418447
4,480,15,0.4982718094005344,0.29316528322053265
4,480,16,0.6046434096602755,0.365257548859415
4,480,17,0.6008943347166293,4.977170740710713
4,480,18,0.68725872355526,0.5608949360956959
4,480,19,2.1457678415540276,1.3270362236960773
4,480,20,2.073877644201438,0.4250558267205644
4,480,21,0.755636539895893,0.17797313036650905
4,480,22,1.9183482023539098,1.6326767999470058
4,480,23,0.7372560372641269,0.2585797435639925
4,480,24,1.9732295065012193,1.5770172427555131
4,480,25,2.083415478685303,0.4713935446330303
4,480,26,2.2531330012146147,0.7623504467442058
4,480,27,0.9084336615064151,0.19962356256344932
4,480,28,0.744954103191026,0.7432366118051323
4,480,29,1.2335618789397953,3.6343654295326413
4,480,30,0.198019078847059,0.863782953891411
4,480,31,1.4503888586693072,0.4881678684536882
4,480,32,0.9079565840084376,0.43605413115664793
4,480,33,2.1954182213420155,3.3051439183683122
4,480,34,1.7562786442192584,1.794384786474352
4,480,35,0.3705978277736565,0.5128088622814162
4,480,36,6.632098449912773,6.374320480019271
4,480,37,5.895371238801657,3.821474517425406
4,480,38,0.16468959219979176,0.9414431196196412
4,480,39,0.31740586690396544,0.6788627965493925
4,480,40,0.6251708635080846,0.7212233121711961
4,480,41,1.2521206338074928,0.17426804829628856
4,480,42,0.2320273350333646,0.5945953295170794
4,480,43,8.203587281863697,4.406535085065428
4,480,44,0.6197216611247742,0.2349192922273403
4,480,45,0.9261700217065864,5.544944012565925
4,480,46,0.9336120103842148,2.0835983185370752
4,480,47,0.20900870471599747,0.7709662129222429
4,480,48,1.609223989059122,0.7477297102870989
4,480,49,1.6553474371249164,1.0489052392838343
4,480,50,1.105246104286773,1.1017292797085596
4,480,51,2.27402554459529,1.9509283742507106
4,480,52,1.0707908697724065,0.17249883118557208
4,480,53,2.781193597359124,0.5105670028117077
4,480,54,1.0078706821150412,0.11224424567999848
4,480,55,4.303812919282809,3.538227527447205
4,480,56,2.140987318364139,0.265748748899313
4,480,57,0.5797504450280015,4.051373163515992
4,480,58,0.43057377040141837,0.08385847512341099
4,480,59,0.4932724772907303,0.40755993812297786
4,480,60,2.41530558757095,2.354932421578715
4,480,61,1.25524487893939,2.4175644841724986
4,480,62,4.4764701492858645,8.150097617807809
4,480,63,0.5119461396254529,4.799548695302172
4,480,64,0.22815120414509277,2.039813107264822
4,480,65,1.4592661852232338,0.38740343272230154
4,480,66,1.5568972395979,1.0196345510357565
4,480,67,3.020771171985951,1.0667458423828087
4,480,68,12.343335745873047,9.98511676433939
4,480,69,0.37160320602419356,0.3221350238550811
4,480,70,3.524698298176965,2.730522842706633
4,480,71,1.1842333815146184,2.498100736440727
4,480,72,1.1625226722255317,2.1971778524693133
4,480,73,1.045694300090912,0.733841657453957
4,480,74,2.6537146841000783,0.32570067676240455
4,480,75,0.845624401219825,0.9293412156108869
4,480,76,2.111813728250325,2.6900409147607207
4,480,77,1.4055354700452072,1.6344186165452892
4,480,78,,
4,480,79,2.372567730200982,2.9346657199512833
4,480,80,2.1912464035718378,4.844798902310432
4,480,81,10.981409742278787,5.706064869134347
4,480,82,0.446844294876812,0.12056017918644481
4,480,83,1.0075199417657268,0.6844413402186853
4,480,84,0.24430263404186206,1.1941493198133009
4,480,85,0.840465352177653,0.7661719641434719
4,480,86,2.1164505753631917,2.0004493629698894
4,480,87,0.18143440438433203,0.8176332765457431
4,480,88,0.5619893706893013,0.8635665319913174
4,480,89,4.851161421518871,4.7345805929121205
4,480,90,0.6804841238501915,6.127398678580143
4,480,91,0.7272154682363813,0.6505550653218787
4,480,92,0.727224012996303,4.897252648045694
4,480,93,1.0606341663131953,0.32046133026401963
4,480,94,0.7860479752167954,0.27809814997426746
4,480,95,0.6277574411851,0.20498398145165667
4,480,96,1.2855065349444126,0.2298218061923713
4,480,97,10.466655357124875,6.925518232557825
4,480,98,7.882233012891617,10.07675303428591
4,480,99,0.24740153708128942,1.1761405643997687
6,96,0,0.43737523113721843,1.4344592247879147
6,96,1,1.4444814067364211,1.6045213192311516
6,96,2,6.786012500786333,1.2350920894518211
6,96,3,0.6757056629256004,0.6389169375615859
6,96,4,1.0084425829283719,1.0777395709025328
6,96,5,1.689005802972073,0.5410963526453041
6,96,6,1.4046290173057705,0.6025057332399264
6,96,7,0.7777917257153122,0.14469505999770615
6,96,8,1.6167684613057287,0.5887987452403989
6,96,9,0.49820388879542926,0.3368462476387939
6,96,10,,
6,96,11,0.6024783252910385,1.152700184946342
6,96,12,2.71769084369832,0.36220689928193117
6,96,13,1.2302578291713686,1.1638946771987964
6,96,14,0.6501395315764836,0.7299116304243689
6,96,15,1.3547592816087337,1.9225189975287575
6,96,16,1.2662839014855445,1.970905520047321
6,96,17,0.3173683058182134,1.3779445854588142
6,96,18,1.4778666675709256,1.3749345671628082
6,96,19,2.8326583960410754,0.17993193036070962
6,96,20,1.0423246772220964,0.22766304865883108
6,96,21,1.5708174035348863,1.3108073381165737
6,96,22,0.7599494056653988,0.5861902945445521
6,96,23,0.3259176818514313,0.14902437664675372
6,96,24,1.092583134549841,0.48934182282160144
6,96,25,0.6248624685239386,0.17958017376068863
6,96,26,1.2359360518484686,2.826517214225789
6,96,27,1.3236042808898376,0.8237109470609381
6,96,28,0.9913660013415638,0.5802114552076025
6,96,29,0.264399651835237,0.7347304317401401
6,96,30,0.6473738268383485,2.0114554634443857
6,96,31,0.423448950864555,1.1814739457081536
6,96,32,1.5725936081175944,0.30837637604981744
6,96,33,0.47241871117208656,0.3011654138209646
6,96,34,,
6,96,35,1.0870370835155054,3.024527818852633
6,96,36,0.709278792044864,0.2726325723426958
6,96,37,1.780445018823058,0.1423766300622988
6,96,38,1.112922163071223,0.7128969898294658
6,96,39,,0.21580871883296118
6,96,40,,
6,96,41,,
6,96,42,0.18643766018840005,1.0220465778348642
6,96,43,0.5309162555375108,1.8815340542034866
6,96,44,0.17512196583810138,0.11443537013965992
6,96,45,3.1511352502104795,2.947750797254009
6,96,46,0.9954173428540697,0.647495002721368
6,96,47,1.7117150219701922,1.1896597132047968
6,96,48,1.849537822752284,1.1220307358547081
6,96,49,1.8691492945384656,3.1375490436158535
6,96,50,0.83954650698048,0.5798041633465503
6,96,51,0.4889089885340783,2.187065008341765
6,96,52,4.017245161869018,1.3131841432682432
6,96,53,0.43329315517708406,2.861676506402533
6,96,54,0.31075456365100684,0.10248946649233179
6,96,55,0.8666002866237071,0.5246904209676393
6,96,56,1.1303849252647373,1.2132611832604012
6,96,57,0.6292225839207923,3.1097695221908994
6,96,58,1.5771774121476365,0.3025108484655274
6,96,59,1.5475922417011636,0.599325084298067
6,96,60,0.08888318383213757,0.38605551069494787
6,96,61,0.9692594834856073,0.984409696841729
6,96,62,0.574376331738342,1.128132007077094
6,96,63,1.124295911809625,0.26083756926252766
6,96,64,4.865424920973269,0.4997494568443452
6,96,65,0.7695046165434439,0.8709784644280527
6,96,66,5.512297907590342,4.217076965516245
6,96,67,2.320146540811098,2.314277034738475
6,96,68,5.221699263187035,1.4415411219879846
6,96,69,4.342791836496698,0.17134979661533717
6,96,70,2.4221419255424954,2.7781694214421533
6,96,71,0.6288657233240427,0.7422057729109023
6,96,72,0.5761538023008677,0.21794911738969425
6,96,73,0.6895438953374665,0.8373515057837401
6,96,74,0.49748190619333077,0.5289835135768123
6,96,75,8.58585959202155,4.513587370656488
6,96,76,0.40724026462364343,0.31244101208091934
6,96,77,0.5619992126976244,0.44595955758360256
6,96,78,1.0171029156751976,0.1820686270995649
6,96,79,6.026260597227302,0.35840344460375795
6,96,80,0.8203215419193217,0.13853274795602397
6,96,81,12.490023030123965,0.7505955536759192
6,96,82,0.8542157640907776,0.7185353898743616
6,96,83,1.58250358648103,1.3558041420698101
6,96,84,1.0510014871967401,0.13506981106720628
6,96,85,1.830134140383106,1.6550061980119133
6,96,86,1.28132067999659,0.4471199007151161
6,96,87,0.9089826132386996,0.9733980267373596
6,96,88,1.1537610047937676,0.7448724999964651
6,96,89,4.7263704758457905,0.48298003096899517
6,96,90,,
6,96,91,0.8232669395295513,0.06808687321857916
6,96,92,1.0531461828443043,0.9786943879934149
6,96,93,,0.17140729383896877
6,96,94,1.6243986521817317,0.44202382721953853
6,96,95,0.4887584192890401,1.295781312054012
6,96,96,1.4558762227521225,0.6109942284840865
6,96,97,1.478190023623357,1.0516191981351317
6,96,98,8.002749258903913,1.7932288999909465
6,96,99,1.1892710406698763,0.7071494161353302
6,144,0,4.532556826742112,13.495403493674234
6,144,1,0.3228175984299241,0.44404463434135993
6,144,2,2.796559871266766,3.2662095656785133
6,144,3,0.3117751196846638,0.9507986606270754
6,144,4,0.17084306705970437,1.7530781692848667
6,144,5,0.24531881549721402,0.2774423420824034
6,144,6,4.871062530287091,0.4802039775404642
6,144,7,0.22406888381460033,0.5064303614233757
6,144,8,9.665249955656552,5.009100415578728
6,144,9,1.1363283877041044,0.3842936094952381
6,144,10,1.1679240193575566,0.24723435018110387
6,144,11,0.18256256878187532,0.7840857831006641
6,144,12,1.6439311599715927,0.5589431136977366
6,144,13,0.0535340298178519,0.05816717023940376
6,144,14,0.342587896562523,0.055896459189597736
6,144,15,1.8586753608954305,1.5536630188113032
6,144,16,1.4987053084495523,0.6910346204109148
6,144,17,1.1401038925939748,0.4297703926826137
6,144,18,2.0362200327073103,0.32437371946289284
6,144,19,2.4567302354566407,2.935166980773605
6,144,20,0.3397911987095458,0.14992841766433299
6,144,21,0.21808761896880016,1.465984251916286
6,144,22,1.133877861638571,1.5749354781533889
6,144,23,0.25428582164706853,0.35505145465931737
6,144,24,0.5911827815452974,0.14164929655241715
6,144,25,2.9503457593146196,2.1254577244159516
6,144,26,2.560128132746644,0.3578328761823417
6,144,27,0.2971973393573415,0.9777789876689519
6,144,28,0.5050882427789564,0.11317812996116297
6,144,29,3.22157901460011,1.7755052526419293
6,144,30,0.672487916101286,0.7820472581977107
6,144,31,3.1250347165535537,1.3359138604137857
6,144,32,0.8025440751096204,0.9931292489772977
6,144,33,1.578430375289262,0.3715636241231727
6,144,34,1.4101068863207604,0.125366415922888
6,144,35,0.9610542348735313,0.8994543531363255
6,144,36,0.9515968851077786,0.944951281896286
6,144,37,0.8241185150088692,0.998730534736761
6,144,38,1.7947827562484762,1.2560787566593345
6,144,39,7.4421225764967165,1.2346207756029108
6,144,40,1.3639084452263786,0.8435407418282759
6,144,41,2.340984292654877,3.822166841795058
6,144,42,1.33573669872883,1.2930369906553068
6,144,43,1.5271293643388186,1.0525707591702862
6,144,44,0.3056794725956447,0.21209883124677575
6,144,45,0.26225630975426767,0.7836201673828614
6,144,46,0.3761144755754845,0.18264923607938943
6,144,47,1.3141579010050148,1.2891307930528995
6,144,48,0.3647982965320683,0.9610900092530004
6,144,49,0.36048812622654863,0.17432910608918176
6,144,50,2.764912302073154,2.5210702522382213
6,144,51,1.4992987952512842,0.4826765627509703
6,144,52,4.089572918176485,0.523271795434208
6,144,53,2.884930698461123,2.1632944536004515
6,144,54,0.6030360725482504,0.48131428894665734
6,144,55,0.3452394354405531,0.0747444617139058
6,144,56,0.3455793557230183,1.2893174668015552
6,144,57,1.748424348068214,3.649837008228815
6,144,58,,
6,144,59,1.9523721135668208,0.3740540010130705
6,144,60,0.9262978170874472,1.9147369318894407
6,144,61,0.5685979086667738,0.42792007234155127
6,144,62,8.107986525402625,3.986503494365849
6,144,63,0.9678447727151187,0.19016026039778927
6,144,64,0.31499061027426756,0.19258552288255176
6,144,65,0.3914119462590868,1.0070079569494736
6,144,66,0.477803152908435,1.1823570108853216
6,144,67,3.038724703884417,5.912533521056201
6,144,68,1.0983819026868828,0.08340419340274804
6,144,69,1.516632349688502,1.1924301268644217
6,144,70,0.9551634560297941,6.97668961486582
6,144,71,0.31066732599841523,0.7024246144663437
6,144,72,0.7295203872589691,0.2848603987634688
6,144,73,0.5072629857119489,0.17873599914709015
6,144,74,1.0799645205422035,0.1208802412235134
6,144,75,1.508348819009267,0.7417442078472488
6,144,76,1.4049543791092105,2.537720055754695
6,144,77,1.4839988340784194,0.3916469360522274
6,144,78,0.8725707422891645,0.16076845440352872
6,144,79,1.2062153790852403,1.2450127876710548
6,144,80,3.795368644248874,8.681615459776893
6,144,81,0.27185929711447343,0.0968464503914866
6,144,82,0.6772381019025383,2.1614881613241983
6,144,83,2.6187763436506186,0.5543274811532233
6,144,84,0.2738957043197755,0.08506275464235828
6,144,85,1.6831317724284371,2.524134128436158
6,144,86,0.866796100773373,0.10444686717293653
6,144,87,3.1714638211495565,0.8552865204180855
6,144,88,2.1155620527239907,1.7776482134538736
6,144,89,2.973244627948437,1.0328621836250826
6,144,90,0.8284990210636117,1.4772101249218932
6,144,91,0.6365626000453214,0.2976577594958203
6,144,92,1.413910452267264,0.2446731644179265
6,144,93,0.6906771948250033,0.44063649541708083
6,144,94,2.3408105907833665,0.6065992400336792
6,144,95,2.047872270640392,2.6434597059021607
6,144,96,1.7952914050958109,1.5502432127912271
6,144,97,0.08798398301296217,0.0779531290663024
6,144,98,0.22216010893027688,1.2218464874525468
6,144,99,0.6757436630719272,1.2461421263417414
6,240,0,0.3032201840034552,0.29737555766398976
6,240,1,0.1793051128775111,0.2402164690278569
6,240,2,0.2528388847368901,0.25833880717190977
6,240,3,1.5627158192286899,8.289403563207568
6,240,4,0.6314109675515532,0.8067314811904278
6,240,5,3.3933641021832295,0.3458872230985009
6,240,6,5.897872825583159,0.43090508353101603
6,240,7,0.17844441840319686,0.13298533435845217
6,240,8,2.8482926172722913,0.7843376845119613
6,240,9,0.2422017450258905,1.001468900362182
6,240,10,1.3872873150962728,2.124592760075359
6,240,11,0.7332029609406092,3.448220558035972
6,240,12,0.43041791374412747,1.4963468498598123
6,240,13,1.0997530611748567,0.4774776203092975
6,240,14,2.5057236232052817,0.34978087344897946
6,240,15,1.5375181896822,1.419972536226806
6,240,16,8.213611221800276,2.1433427864211003
6,240,17,1.1152123540734944,1.5530099824396408
6,240,18,2.7878027885719714,5.860737313896672
6,240,19,0.6659681088448106,0.22151993341156587
6,240,20,2.717530251233124,15.026713413726586
6,240,21,0.33477946693713645,0.13252992369470032
6,240,22,3.9657441926408556,3.673124922234053
6,240,23,1.589297140386038,3.515737151455085
6,240,24,0.05975796555654382,0.047163587101508544
6,240,25,,
6,240,26,5.1634000721260636,7.28196139313033
6,240,27,1.1150186737425662,3.2622357550723176
6,240,28,3.22113233061529,2.340909386266308
6,240,29,0.1439867857722412,1.3336626149659916
6,240,30,0.3107663739355716,0.32203244372317097
6,240,31,,4.0190849803529805
6,240,32,0.22679757718207208,0.09902951570102748
6,240,33,8.217531670736513,9.030263020798117
6,240,34,1.1855278945510772,1.1532995190105755
6,240,35,0.9984486477853105,0.7711343218466177
6,240,36,2.8385358823259352,3.146227190773467
6,240,37,1.8089643825829038,1.3503717059138634
6,240,38,0.9663676631702808,0.7840548805204601
6,240,39,0.7039154235651673,0.34344135183393176
6,240,40,0.4322324705478703,3.097181120282377
6,240,41,1.1978895638212865,0.9620695983253442
6,240,42,6.589084782692735,5.169474177855795
6,240,43,1.6045660281468406,0.5329807936374995
6,240,44,0.37592027474344614,0.5451884810151766
6,240,45,0.9582839814247263,0.09557688178239962
6,240,46,0.9107749481559401,0.8334810721389074
6,240,47,0.1996039351150171,0.10006083273161319
6,240,48,1.2473888082291467,1.0862627131830789
6,240,49,0.8999820458758566,0.5131697082543099
6,240,50,0.30852292273813064,1.234590811026395
6,240,51,1.2180153389432853,3.0025175614981667
6,240,52,0.1467663644868442,1.2252626108421432
6,240,53,0.33321058431523426,0.9866855396157294
6,240,54,0.9356374592019382,0.32184299236202385
6,240,55,1.0977074160043239,0.7647680747443458
6,240,56,4.9007822107058585,5.900279891321049
6,240,57,0.9584992646100247,0.3967798217108038
6,240,58,1.1267391330140055,0.05575179542962729
6,240,59,2.637058457794577,7.255371396227221
6,240,60,0.8141013093790673,0.07634997966761264
6,240,61,0.14569870497544415,0.8499835676764823
6,240,62,1.3816288801912033,0.1541433913717317
6,240,63,1.9415157541527388,1.4944028711159332
6,240,64,1.1058480293682325,0.2106495249435761
6,240,65,4.662287643659365,0.44613538950918935
6,240,66,0.40270495889917224,0.08118236279169685
6,240,67,6.471379858657596,9.747102582545235
6,240,68,1.026628949314,0.10846602399855237
6,240,69,1.2202011310045138,5.388679135782903
6,240,70,4.388898680514788,7.1189630333628475
6,240,71,2.3151821115855653,1.036360738895889
6,240,72,0.6814304290593569,1.7225055713080837
6,240,73,14.82472913524644,2.0504989707950467
6,240,74,0.08173581220761049,0.6675725525992525
6,240,75,0.3984621582995122,1.461730850335782
6,240,76,2.9765994038462087,0.5985968665595951
6,240,77,1.1354252072241855,1.358677528726816
6,240,78,0.17858657469490866,0.08791637719373609
6,240,79,3.939531785808281,0.31459570987560775
6,240,80,0.6637655336978712,0.4323619061929687
6,240,81,6.598250078603345,0.5273661788505394
6,240,82,0.2150067349485931,0.15050407208604427
6,240,83,0.6653093810430887,0.4240486110067156
6,240,84,0.1888109285482923,0.6989503568384823
6,240,85,1.6457047984811621,5.603187139679308
6,240,86,1.3325413604112557,7.798801244247294
6,240,87,0.22239846121050255,1.0508917123230832
6,240,88,,
6,240,89,0.2405167635300295,0.14559267800705902
6,240,90,0.1655774163558755,1.057710862023765
6,240,91,4.370926575868336,0.6146454617072349
6,240,92,1.0048398440126343,1.1107022842609653
6,240,93,1.1530818676560197,0.037704753528894394
6,240,94,6.290383907796233,1.4557910001875576
6,240,95,,0.2549172582102212
6,240,96,1.0859555718965106,0.489704275223303
6,240,97,0.6333488826557133,0.6898625460055102
6,240,98,,1.0296050499344789
6,240,99,0.6880831800268151,0.7138114546133922
6,480,0,0.1306168793474412,0.19845284463214063
6,480,1,15.044673919362708,9.323438291501931
6,480,2,2.36876829454233,2.6174507145076213
6,480,3,0.2391167944133021,0.23598253661117186
6,480,4,1.5300705099746388,2.345556088159613
6,480,5,0.26850122850293046,0.8854083304129297
6,480,6,0.17567356761914624,0.12309438930251772
6,480,7,6.003044927134624,2.808222161833662
6,480,8,1.5854454200996526,0.2338031053865637
6,480,9,1.192742744373242,0.15697404266487888
6,480,10,9.174139776400985,1.9621657034350684
6,480,11,0.8844192858411565,1.0109406345870093
6,480,12,0.27662507682510734,1.387585081629255
6,480,13,0.26301740509646127,1.8323467508585205
6,480,14,0.07763097004292657,0.615318973578964
6,480,15,1.2409957572964798,0.21616394568539601
6,480,16,1.3264330360311265,4.670326658500052
6,480,17,2.4237617741543427,1.0113588725102558
6,480,18,1.0898331323998713,1.2318651364951303
6,480,19,2.6596597255630026,0.3094639852284485
6,480,20,0.6858679791092229,0.4778394025636127
6,480,21,0.26768582719193945,0.964091465987828
6,480,22,5.566968393447718,6.349110443311574
6,480,23,1.2735409637687283,3.15677164722993
6,480,24,1.7054295883956812,5.718769526255974
6,480,25,0.6766545028056468,0.11064013704122799
6,480,26,1.3995714225532496,0.6659585988170631
6,480,27,2.4482571068494328,0.2765341519095598
6,480,28,0.17603773251068225,1.1689529943583845
6,480,29,0.888505180443515,1.5572554441958482
6,480,30,0.6213454794050168,0.5217796061334934
6,480,31,10.598783898786142,1.0520543446628823
6,480,32,1.6373713020809604,1.997500923602376
6,480,33,14.735558114401448,17.074814337173745
6,480,34,3.1797975424900793,0.723820641314069
6,480,35,0.3932787572790527,1.2727370961410218
6,480,36,1.553849254673813,1.085817603808442
6,480,37,1.0617639557255754,0.13445524457108024
6,480,38,0.4271029108636786,0.1829504211331275
6,480,39,4.541978859267723,0.6393308378006907
6,480,40,2.422848695648536,0.2857816691780753
6,480,41,1.8813673802726945,0.9392560099309937
6,480,42,5.136816610010438,3.9536412163643044
6,480,43,0.47267529584604795,1.714950555083072
6,480,44,0.7820719763624052,0.3559413303421952
6,480,45,0.2721623419884803,0.5224843325625234
6,480,46,0.4098669007394228,0.07957936811941561
6,480,47,5.465074072981429,7.131240471743976
6,480,48,0.4477529560456846,0.08469553755048778
6,480,49,0.4284351368675805,0.4114294583271699
6,480,50,1.5585056545920621,2.7386730742442835
6,480,51,0.10357655870434945,0.7924985004633383
6,480,52,1.9162803274726345,0.5199344843284694
6,480,53,14.131444666452493,10.103915454635871
6,480,54,13.076837150013569,11.395742438438573
6,480,55,0.9917879695390681,0.040152822614001285
6,480,56,0.9753532557661925,1.2139048394017666
6,480,57,0.44224002589217365,4.835357398876449
6,480,58,0.33185170776303896,3.4928293133079356
6,480,59,0.08428702065794977,0.1215930460478263
6,480,60,0.4862322909950992,0.5988463988474252
6,480,61,2.4693262049234908,6.155147557834189
6,480,62,6.385507684181514,17.65386895241277
6,480,63,9.748757980851954,1.0222469706555206
6,480,64,0.24463497513435786,0.16247889820553135
6,480,65,5.387660461575403,5.195580159620636
6,480,66,0.10491099991343651,0.1991226117692988
6,480,67,1.1197582455498312,7.166040490835357
6,480,68,4.857384815300848,3.859942741955132
6,480,69,0.42781823062354896,1.344502092356837
6,480,70,2.284730643522588,0.5315105197061262
6,480,71,0.21625498868688273,0.17990615154696163
6,480,72,0.3223409877202393,0.19130412054607648
6,480,73,0.9259823786042684,1.5961358743058913
6,480,74,0.1683044482064457,0.09027425610582983
6,480,75,3.247335882722238,1.7892301676939788
6,480,76,1.2679005137693655,1.5004134109038822
6,480,77,0.9582500143972806,2.3152323854145216
6,480,78,4.183189379701223,0.36769285180468847
6,480,79,0.32552626856266415,1.3429152535173665
6,480,80,4.713026786867684,4.985220619391537
6,480,81,0.7749455782954775,0.05888268549344565
6,480,82,0.4415532426845507,0.690479638741605
6,480,83,2.8417116871358945,7.0469099280566745
6,480,84,15.68057447345239,1.9002911472120063
6,480,85,3.1947614356028184,5.1977176071176565
6,480,86,0.9744908098634965,0.12248825599995897
6,480,87,0.11275906648428292,0.14694352101516428
6,480,88,0.21154012290217808,0.12116620725702192
6,480,89,3.2481447632952754,1.337552454487433
6,480,90,0.197199268404862,0.18776150687837623
6,480,91,4.163103466612224,3.6250180261324325
6,480,92,1.3081128032675207,1.0671188327219665
6,480,93,1.2504611524791704,0.19816163901431474
6,480,94,7.297252902119328,7.423999856510154
6,480,95,1.2856008962476075,0.5027761291680723
6,480,96,2.052292129712891,0.3767685618400795
6,480,97,5.415719035667478,0.5407500710223548
6,480,98,0.14139065128221215,0.2445806339512595
6,480,99,1.2283329917741599,13.495812683518524
8,96,0,0.8908194564410463,1.9697387956735861
8,96,1,1.1739928237622272,0.5986756838075026
8,96,2,0.39986418722750244,0.3215472422745819
8,96,3,1.1773091347224627,1.160527338263802
8,96,4,,1.4081602254678929
8,96,5,1.0861417970907923,1.2820287013822385
8,96,6,2.47011573727008,1.774922500047809
8,96,7,1.6355743327337955,1.125758582149099
8,96,8,0.6324363599978422,0.7696925889818099
8,96,9,1.3410990641863916,0.7120854505297324
8,96,10,0.23114691072609314,1.1376797655483293
8,96,11,0.6405641178716073,0.416512750067111
8,96,12,0.3388460026070798,0.41628357125928556
8,96,13,0.17031024253702629,0.490202209296665
8,96,14,2.19042615244045,1.6506774377904965
8,96,15,0.6886536913992221,2.493141990307249
8,96,16,,1.8532023002321294
8,96,17,1.9430487495295394,1.99312015385642
8,96,18,1.610076919572142,0.21420268464164827
8,96,19,1.0707094228191476,1.0339413349956978
8,96,20,0.9072915945921983,1.2322826297488263
8,96,21,0.9175928634323793,0.5826752708315368
8,96,22,0.2513811059020519,2.4489024567635767
8,96,23,0.6823005440781724,1.5958444665357483
8,96,24,1.1043486390906219,0.32665389417322
8,96,25,0.4221435504290493,2.3750131632264098
8,96,26,0.29512434952508726,0.9407763236186796
8,96,27,0.8708821951004247,2.1141698600615384
8,96,28,2.217625777236224,0.3750379325842246
8,96,29,1.0378911720135207,1.6052160256527759
8,96,30,,
8,96,31,0.8763932484628945,0.5469792866199664
8,96,32,0.6420864457937208,0.08637833418762235
8,96,33,0.28524249951866204,0.23843225217771244
8,96,34,1.3366992812722738,0.28649114695912864
8,96,35,0.6018117008111158,2.451934981486657
8,96,36,0.7255049831795681,0.050395056033118946
8,96,37,2.781861599449749,0.6183367341530862
8,96,38,1.2965199317745137,1.147793228272747
8,96,39,5.485570321216857,0.48757117734946526
8,96,40,0.6319222826847273,0.2072717389245878
8,96,41,,
8,96,42,0.9171596840838002,0.9225377348685164
8,96,43,1.1409901824083604,0.37756232852312166
8,96,44,0.1329548897076164,0.2803042126307755
8,96,45,1.1723004211506949,1.0714905027162787
8,96,46,0.7429035944132903,0.920193724639038
8,96,47,0.6471261865530554,0.4713478660209569
8,96,48,1.0261738103584879,0.2772501784132697
8,96,49,1.6504600786403356,0.23861862247654345
8,96,50,0.4931786136481237,1.658296737582503
8,96,51,3.8982573725081924,2.246833692230134
8,96,52,2.4199949249101,0.38885877666556196
8,96,53,1.1693369812068213,0.07835976208213098
8,96,54,1.2019635508283368,1.0664423129723273
8,96,55,2.2939088672103507,0.4875630559027229
8,96,56,,
8,96,57,0.6984942667931545,0.48861750413142163
8,96,58,2.6886085696524105,3.3134457150627328
8,96,59,,
8,96,60,,
8,96,61,0.8785382299367595,0.7790691772079462
8,96,62,0.40894689015635843,0.23115566348412225
8,96,63,2.1900522447605617,0.15692937993649259
8,96,64,1.3354924967531354,0.48241776028147676
8,96,65,1.4623560525814063,0.5614964105856316
8,96,66,0.8278777501072137,0.14712515281726765
8,96,67,0.6198426605053502,0.9759870160004234
8,96,68,0.8424537468983692,0.749044404346349
8,96,69,0.8481743581479203,0.8321174407373576
8,96,70,1.4629469261146983,1.1237122373128936
8,96,71,0.203414613625337,0.3419404676247747
8,96,72,0.7786783229324669,0.5230689242436963
8,96,73,0.6487952106981546,2.53241476209621
8,96,74,,
8,96,75,0.8295905172248359,1.046754446671262
8,96,76,1.59034250393011,0.30468574402496973
8,96,77,0.35910468238221716,1.145148278059071
8,96,78,2.8062385156769802,1.3104317683954316
8,96,79,3.047467735035439,0.2354823619382644
8,96,80,1.8642703038536284,1.9452012940327221
8,96,81,1.7373553784833964,0.30556127121283844
8,96,82,0.6213350535671559,0.10894946689433965
8,96,83,4.543023708708797,0.6050843599427401
8,96,84,0.3761240822134578,1.3613199276437424
8,96,85,2.0984372454983684,0.5029282992343759
8,96,86,0.4075186669530463,0.9455128081811057
8,96,87,6.76469852126927,1.6958245900875943
8,96,88,1.889345456826821,1.8938046061489848
8,96,89,0.30839874427984215,1.0322260094418976
8,96,90,0.7861776763905528,0.4594394835943644
8,96,91,,
8,96,92,3.0934613428314637,2.560641828743531
8,96,93,1.7859936982412299,0.7540670063694895
8,96,94,1.9365618896595198,2.220883251651635
8,96,95,1.820683937039086,1.5460634363236625
8,96,96,2.1516211333978132,2.2406017770836173
8,96,97,0.9429280044056582,0.9675358362622234
8,96,98,2.166533337129309,0.8227265635378597
8,96,99,,
8,144,0,1.2711101093097257,0.14464368883697884
8,144,1,1.4484145198665377,0.1010223069015212
8,144,2,4.843222031574049,5.105076947893315
8,144,3,2.029625180740705,0.7616905654551384
8,144,4,1.6977535087271023,1.3108540006945018
8,144,5,0.7644669175414839,1.011293468922346
8,144,6,1.3014564016233279,0.46457206353470587
8,144,7,1.4990945810199587,1.5528608539810367
8,144,8,1.2127290408608205,0.08111920111132664
8,144,9,0.3983786242816212,1.1930519425933415
8,144,10,0.8574812507554445,0.7384017665322944
8,144,11,1.6493970617057223,1.8455433162604185
8,144,12,3.7228416758445686,3.934534809576807
8,144,13,0.7057072389711466,0.14351039277393107
8,144,14,1.3018231245858047,0.5032870074478177
8,144,15,3.854082315360667,5.398730837097741
8,144,16,2.980053047276804,1.6509763125538603
8,144,17,,
8,144,18,,
8,144,19,0.7367365954055285,0.058544948136304904
8,144,20,0.49189519595689696,0.06201017715223014
8,144,21,2.095285105970598,0.24686055849690594
8,144,22,4.780932516670177,1.5452770226559505
8,144,23,0.6105954370372056,0.19252959523145333
8,144,24,,0.44365710087867527
8,144,25,0.57021383196116,1.730018038844337
8,144,26,4.024449042191837,0.326011240304211
8,144,27,7.429280668808068,7.610710730926619
8,144,28,1.310581921450679,3.0739524214553517
8,144,29,1.3006216130550459,0.17433455676828505
8,144,30,1.3449839406222233,2.315186106967265
8,144,31,4.668007585847108,0.8166856840099951
8,144,32,1.0895597938980606,0.6472879189384348
8,144,33,2.536514448791286,1.4172371239590178
8,144,34,0.12837149141528367,0.062475498292552785
8,144,35,1.616450184257729,3.4185349156004685
8,144,36,0.8020815306911093,0.08837969972948051
8,144,37,0.1659609107777658,0.3751172804140559
8,144,38,0.7039064348673284,0.20011083450408523
8,144,39,1.9869256357093064,0.27879133900330116
8,144,40,0.7652967695066129,1.1594839379875115
8,144,41,4.097991793539273,0.4118300146551094
8,144,42,,
8,144,43,0.4547589114861957,0.3047368819236567
8,144,44,1.2035399703491816,2.27576590583865
8,144,45,0.7039758895191655,0.16710393770283674
8,144,46,2.5334100583182875,4.62230613370572
8,144,47,0.4208560169236157,0.037491003992648916
8,144,48,0.47779716958253304,1.2976446428377935
8,144,49,0.7259412836516179,1.0684254613672979
8,144,50,0.39793974383382497,0.16413225176664145
8,144,51,0.518829548874199,0.4383664290587157
8,144,52,1.5918790460591608,1.7211439002831312
8,144,53,0.06989695530986102,0.9824390413363585
8,144,54,1.67397907688549,0.7281096722448214
8,144,55,0.9385389008963282,0.08316479212610463
8,144,56,9.603265299517746,1.7719090166883313
8,144,57,6.4752911046045725,2.6814522617882988
8,144,58,0.32706338863213424,0.9539704661068416
8,144,59,,
8,144,60,0.33520006392111407,0.513714801499218
8,144,61,0.8087479112622974,3.6425890963928222
8,144,62,0.279571477482033,0.2730296200746603
8,144,63,0.2423472679669892,0.8719852875343149
8,144,64,0.6645422267511321,0.5443795299633931
8,144,65,0.35369050911964844,1.1382743511953632
8,144,66,0.7817726478645408,0.23474732827510644
8,144,67,0.5542369787945528,0.45871876763273445
8,144,68,2.0929627168963245,0.21027319112202095
8,144,69,2.307536719267986,0.4444808281106262
8,144,70,2.1634345543358817,0.426620439632775
8,144,71,0.713279494640378,0.049939042385746334
8,144,72,0.24950054113961545,0.04605286648174794
8,144,73,0.44390224597261263,0.1296680057947058
8,144,74,1.50714235043449,0.28732519879513185
8,144,75,2.1853230983095595,0.29103722015365807
8,144,76,,
8,144,77,0.3280708159315844,0.3959328393553397
8,144,78,2.266443526829905,1.248214289908134
8,144,79,0.21007212330128155,0.1188151573122651
8,144,80,1.300076965646468,0.3608221044254372
8,144,81,2.2168502845970672,0.5053317474231341
8,144,82,1.1969788611567473,4.531236297995093
8,144,83,,0.11774450157467727
8,144,84,0.30559209054888775,0.717988368856103
8,144,85,,
8,144,86,0.6717195095841109,0.43824236063648286
8,144,87,2.954870323928848,1.048467352194122
8,144,88,0.8502378999609088,0.7253344207566604
8,144,89,0.16467993571854384,0.9812311030836884
8,144,90,0.1592331144645698,0.6959682654717857
8,144,91,2.051899047686947,2.1401996004522545
8,144,92,0.48945941779333696,0.9400691959654245
8,144,93,0.5390410565931859,0.24535579499061833
8,144,94,0.3057854011817219,0.1643880739932872
8,144,95,0.6108859140866666,0.46600553589466365
8,144,96,0.34355145697750006,0.19351420798052713
8,144,97,2.116993256552863,0.6265177255174362
8,144,98,,
8,144,99,0.3205596412516132,0.452406006077716
8,240,0,0.5253160539218147,0.7760178815878653
8,240,1,1.8766935919910703,2.3250104500521975
8,240,2,0.6060458402192563,0.05742430626933093
8,240,3,3.6585578822068143,5.879841085077865
8,240,4,8.658876482973383,2.679991679388821
8,240,5,5.140217249712659,4.450852030781723
8,240,6,1.9558080466484877,0.5535530861328869
8,240,7,0.4494437078184912,1.1473116363571045
8,240,8,0.7188458325822151,0.8267635531227306
8,240,9,0.5254509169734579,1.1585712332690934
8,240,10,0.4128572213094391,0.6520644819451785
8,240,11,3.7422350449117276,3.668771758061378
8,240,12,0.4316994351830567,1.0326353817135605
8,240,13,0.32724191885743675,0.948571066503435
8,240,14,0.11897537170663698,0.1373258190303891
8,240,15,0.44204853615277223,0.34475363961582955
8,240,16,8.524747191737324,10.66464757904032
8,240,17,1.478208138854655,2.9006076097349087
8,240,18,1.4351559109352272,1.5079287334063973
8,240,19,3.003197661402821,0.6267331302589402
8,240,20,1.3016008389492528,0.22029322036388568
8,240,21,1.1934417605224212,4.7494695746493925
8,240,22,0.5864119076289834,0.4624385306208525
8,240,23,1.451155527919345,0.7249561460506149
8,240,24,3.032835901351075,0.8779759704129725
8,240,25,0.18723212706877934,0.8646438812528107
8,240,26,0.5884703381488836,0.5726812465723231
8,240,27,0.19849616481439894,0.3618516184933432
8,240,28,0.8660800402855743,0.07192458249122022
8,240,29,0.3091112188994811,0.9646997103250715
8,240,30,0.2524319422732001,0.29301358694328733
8,240,31,0.925654482941645,0.5221956479751677
8,240,32,2.227402778146055,0.4310700932264119
8,240,33,2.7573604356523482,0.6751077299176717
8,240,34,0.25131759006918675,0.8507826303820708
8,240,35,0.7837540347663435,0.248252987825941
8,240,36,0.2104851417824033,0.6313637447188485
8,240,37,0.8294964278088338,0.6518956116208955
8,240,38,0.7700404844676328,0.9726294877105085
8,240,39,1.046330202933437,3.323920918038473
8,240,40,0.8124551139129795,1.7127263729297817
8,240,41,1.5602474299546025,1.0161686434923343
8,240,42,,1.5765718507172877
8,240,43,2.157751261765391,0.36852269143339045
8,240,44,1.4549362032451998,0.45594039011815374
8,240,45,0.5567392816737995,0.22026574406231106
8,240,46,0.26229749432007365,0.2006226851161216
8,240,47,1.3223990764820726,0.9751358932252528
8,240,48,0.5708002027559115,0.79127139996577
8,240,49,0.562786260895721,0.7315980493815941
8,240,50,0.17012469907911176,0.8158447383569473
8,240,51,0.9797258517913435,0.1740093782952158
8,240,52,0.7835757687002405,0.9533204847310198
8,240,53,0.7401812589122019,0.2383004361737987
8,240,54,4.358258057338143,0.31544186483299014
8,240,55,0.5391325052867177,0.5249873293510539
8,240,56,1.1303487250882756,0.11835868243851726
8,240,57,1.554355276718014,4.038351621318774
8,240,58,1.5576629698019546,0.7991916119889567
8,240,59,7.110570253703657,0.6224839388398787
8,240,60,1.4870680845271207,0.2813368815393731
8,240,61,4.0396519304254594,4.319343686578516
8,240,62,0.966092475380108,0.07452924860345271
8,240,63,0.25185939433405746,0.13397000590099548
8,240,64,0.5086960760894074,0.030830965443820753
8,240,65,1.1216558796846714,0.5040495067214116
8,240,66,0.8947676305734859,0.9134365261761894
8,240,67,1.6944880925961452,4.050823276670108
8,240,68,,0.28292690252116215
8,240,69,0.3277066948632218,0.08531629703441607
8,240,70,1.5786250270733335,3.1820043970895786
8,240,71,1.8361791768835105,4.76779768888733
8,240,72,0.6607021664018845,0.645492995792571
8,240,73,0.05901750369941128,0.8857929995833412
8,240,74,0.09690821905181,0.1466325555183617
8,240,75,11.413410282370435,6.069616120624207
8,240,76,0.06857246109653309,0.9915647824329572
8,240,77,0.3133221127618684,1.0912114313940386
8,240,78,0.47004803647687227,3.442470444233326
8,240,79,,
8,240,80,2.2968070063335686,0.21187509376773997
8,240,81,0.6879897702669505,8.994965092185565
8,240,82,0.8100683141018791,1.0858356240663045
8,240,83,1.021911559807336,1.1810938422702835
8,240,84,1.1113498708650964,2.640970983114687
8,240,85,0.6325434380313353,0.9663114277027393
8,240,86,2.21445192604181,0.47562324446060844
8,240,87,0.07317278172473299,1.173450273569548
8,240,88,3.6240384993728845,9.106531356887816
8,240,89,3.182924919489822,0.3751107687627144
8,240,90,0.20025886567604956,0.9440659354126908
8,240,91,1.0195945985005768,0.2742648875731055
8,240,92,1.113873569986115,2.8759729378117465
8,240,93,2.805546006626766,2.789319522591509
8,240,94,1.007345420061008,0.712797204964079
8,240,95,0.2701132065579428,0.5633635424059767
8,240,96,1.2789941295309841,0.25290425108469095
8,240,97,0.3566900860847752,1.2347620632623852
8,240,98,1.6404522195277096,1.7085359641163513
8,240,99,0.8963289170044348,0.20582178000628806
8,480,0,0.4449268112632427,0.9290061894543263
8,480,1,0.054170280984985775,0.655037370764091
8,480,2,2.360178392558944,1.7411546411870729
8,480,3,0.4879777854314994,0.8368271410266824
8,480,4,1.443899562896055,1.2051353185022098
8,480,5,1.3754913127405113,0.11858152562327239
8,480,6,2.9701998700763825,0.6205240715358485
8,480,7,0.594979931070057,0.2685328005700217
8,480,8,1.077802182263676,0.8057831717874481
8,480,9,2.684368210697908,0.3085469429220077
8,480,10,1.1877702146533045,1.0745261824520917
8,480,11,3.7696642340738395,2.503668505963999
8,480,12,0.29593370295703614,0.18163237223240222
8,480,13,0.5262920459309154,0.3546359017837364
8,480,14,0.6748781203204386,0.11046549875828074
8,480,15,0.26587245144586236,0.4778044685087993
8,480,16,0.11148648047221149,0.7182210802092933
8,480,17,0.8747727886348504,0.053456846350526256
8,480,18,3.5166818200790764,3.0747130516075507
8,480,19,4.08766824506791,0.9907569884119904
8,480,20,0.934619368926237,2.3358399635467224
8,480,21,2.7567779505608017,0.708575784531618
8,480,22,1.7811826624258909,0.07040857346558045
8,480,23,0.43082249969342334,3.235714921028784
8,480,24,0.22718590065557862,0.4758489278554331
8,480,25,3.8446300224206684,0.5441143054570249
8,480,26,,
8,480,27,4.215186837461609,0.9649172158855036
8,480,28,0.5933842742454378,0.06044776746449085
8,480,29,0.32263663969956435,1.937622174810474
8,480,30,2.3442980502033395,0.27282764281903055
8,480,31,0.3136809651871302,2.40154611874291
8,480,32,,5.366199058286053
8,480,33,2.6541018366250277,1.6680576144684467
8,480,34,0.5196543369619928,0.7349261448029618
8,480,35,2.9303561526248725,0.36795635152485323
8,480,36,1.2446252336519388,1.7794124026790825
8,480,37,0.640643077898038,0.3674063808553739
8,480,38,0.18632494605151098,0.5682256903993806
8,480,39,,
8,480,40,4.587869870006894,1.480128323127541
8,480,41,3.6488129838835723,2.4255184835587014
8,480,42,1.112665072307823,0.08817255257951798
8,480,43,0.4311745456618238,0.17840809162583554
8,480,44,0.639049614079723,1.0793335145345
8,480,45,0.6266624378054784,0.27621908776559373
8,480,46,0.5300465404000246,2.2067347620721494
8,480,47,1.0778940203270821,1.6134528738419762
8,480,48,0.6223320414330473,1.2810450405425389
8,480,49,0.8759269799968321,0.07309055652388548
8,480,50,3.7834407808829407,0.4899826378312036
8,480,51,1.2789829333443514,0.5023083626487934
8,480,52,0.34688912088386215,0.2078664716018986
8,480,53,1.5633885884339616,0.3311002244707389
8,480,54,,
8,480,55,1.449345917946475,0.5246528873085942
8,480,56,1.1442926869785386,2.096578463914675
8,480,57,12.799134302659702,6.491904849404735
8,480,58,3.5875847279500874,2.4293399048364597
8,480,59,1.6215524604903597,0.47591051030403775
8,480,60,1.555861668647879,0.8863336337809219
8,480,61,1.4464028130938975,0.6327017603935878
8,480,62,0.9880776624319122,0.0569074638515366
8,480,63,0.6871849381800814,0.4477485055355459
8,480,64,2.013832613863842,2.413278578388005
8,480,65,0.6249278632305122,0.4938209510018193
8,480,66,0.24559606039468537,0.08670542766547037
8,480,67,1.903552005667274,1.4439334394218408
8,480,68,0.923785552965386,1.0087699368852197
8,480,69,1.706771793666359,0.32269547581385455
8,480,70,1.5806487459802983,3.5748664875045413
8,480,71,0.543168901975108,2.298426482186352
8,480,72,2.715095984150437,0.8268454764261164
8,480,73,0.4118694268427386,0.9129677490927648
8,480,74,0.548749838654176,0.32575099419056963
8,480,75,0.3448274675631973,2.518448501806798
8,480,76,0.12811237206896006,0.16111947548582542
8,480,77,0.2889193684410287,0.1603022742114053
8,480,78,3.756630040547164,2.603842879343161
8,480,79,4.063908507940492,3.0699482306892554
8,480,80,0.2286812877231801,1.5666841837002212
8,480,81,0.825564790964857,0.30894120343928944
8,480,82,0.47710031474377146,0.029738536833358184
8,480,83,1.7746908958887944,0.24589025151613592
8,480,84,0.15592642675914709,1.1266840547568548
8,480,85,0.4299601168443211,0.8661620388302943
8,480,86,4.656677899677952,2.099090064115005
8,480,87,10.491313399810917,10.906155502923623
8,480,88,3.5085424412183963,0.31802413277308256
8,480,89,2.1067800879271292,0.3240602722337049
8,480,90,1.7335614309405039,1.2685418294635533
8,480,91,0.4127255418859325,0.1729504178446634
8,480,92,0.4012490489226709,2.8711847273893882
8,480,93,0.8526567823595553,1.2767201373262753
8,480,94,,1.1152873539163621
8,480,95,0.3348922654778269,1.2453625923660099
8,480,96,0.4612587033033057,1.1635723743728694
8,480,97,0.3178195989233598,1.4552358877489826
8,480,98,0.7009555841655982,0.09222221809650721
8,480,99,3.861241147026162,1.2114804292883592
10,96,0,1.2281204010041,0.3338275469360924
10,96,1,0.5079789694666854,0.6183951748794669
10,96,2,0.2702590754861688,1.3421023182362606
10,96,3,0.5631155246267199,0.5073648382247895
10,96,4,0.3609254751111947,0.2771131860728694
10,96,5,0.44977831468829327,0.03576088222143579
10,96,6,0.2937252383147855,1.2484410092690648
10,96,7,7.473783360838549,6.387723956412374
10,96,8,0.5741318296578591,0.3049437163484901
10,96,9,0.43668056844517406,0.663467979514815
10,96,10,,
10,96,11,0.6306960690062668,2.7294580596270746
10,96,12,1.3341444987931859,0.6242382010467946
10,96,13,0.6296200379056283,0.7701916068110568
10,96,14,0.5066437065103737,1.0188055749021678
10,96,15,3.1363527233725716,0.4424998773234203
10,96,16,2.2213440285425556,1.5237518485570054
10,96,17,1.7304653781015795,0.3205916750294208
10,96,18,1.2790735180803166,1.4287251007872965
10,96,19,,
10,96,20,0.4316327202558369,0.3241021199118796
10,96,21,,
10,96,22,2.6525983468378005,1.8767419552441655
10,96,23,,1.0242570780254368
10,96,24,1.2647569985695162,2.907471561905435
10,96,25,0.552905689026252,0.4017553170088717
10,96,26,2.0225668073095857,1.7622977749164275
10,96,27,0.28749747652359703,0.8930931421203054
10,96,28,0.9812607572865104,0.7842990648011684
10,96,29,0.5544469078313372,0.3687588464062552
10,96,30,,
10,96,31,,
10,96,32,0.33799054161563913,0.7151678189927333
10,96,33,1.5310846762145505,1.4701753549978744
10,96,34,,
10,96,35,0.8653800124808873,1.4681968288169447
10,96,36,3.0314547617453993,0.7773695499708738
10,96,37,0.09555957599810251,0.057346472495083754
10,96,38,3.7571658438882536,0.4905131825823622
10,96,39,0.7783056588521828,0.8525585576156935
10,96,40,0.4636306004080965,0.4463113507247397
10,96,41,2.8231596477565666,2.5870184195917387
10,96,42,1.4314446857720666,2.4005648546488443
10,96,43,1.037380538634101,0.8156125752257705
10,96,44,0.4508176471342656,1.8154848826390964
10,96,45,0.23158081111598217,0.10510523523176922
10,96,46,0.5682055366164878,0.5477933088380997
10,96,47,,
10,96,48,4.432869221721288,0.5980626893895062
10,96,49,,
10,96,50,1.7679595495063263,1.6975979087237465
10,96,51,1.462494012450011,1.7260040483562615
10,96,52,1.828198148933575,1.686128250436489
10,96,53,1.0843975014911207,0.19430980788871408
10,96,54,0.4040336135602989,0.28463300276020237
10,96,55,1.4094692013523098,0.6780794037154988
10,96,56,0.7289586354508146,2.3232101207318876
10,96,57,0.48483233584136853,0.05005146805233446
10,96,58,0.6598892955367316,0.15944811351909874
10,96,59,0.7637279628352027,0.22014132176275922
10,96,60,1.0651635456018802,0.9143094101080265
10,96,61,0.42715853945523924,0.2173169896808153
10,96,62,1.3349370607348259,1.290166572060021
10,96,63,0.41374437086019805,0.39498974622529937
10,96,64,1.9464813409886836,2.1554600778891717
10,96,65,1.130424386330192,0.4190817734580092
10,96,66,2.4812420462911526,2.4585589899043274
10,96,67,1.2781161830030479,2.4166859612906553
10,96,68,0.6053918180772456,0.5904297128465704
10,96,69,0.624848009342697,1.7556908779784088
10,96,70,1.4288195857163777,0.597055472061943
10,96,71,,
10,96,72,0.8425209904312403,0.638232052598763
10,96,73,0.8000372997241353,0.2227175709775383
10,96,74,0.9255823942685758,0.9898906821203199
10,96,75,,
10,96,76,1.6795784535688218,2.7780502304491086
10,96,77,0.1287117648233617,0.9610101860933022
10,96,78,,
10,96,79,0.9875678871183103,0.14652092405891712
10,96,80,1.4433265615108837,0.08946651164330797
10,96,81,1.3101533961082412,0.17820190624864796
10,96,82,,
10,96,83,1.1078833864608464,1.1593583710051873
10,96,84,1.4602033955900207,0.6688380795977478
10,96,85,2.359649206366777,0.9529221557730893
10,96,86,,0.6249398561044098
10,96,87,0.757170321774264,0.15435256213133938
10,96,88,0.5599269630492169,0.5573951167189487
10,96,89,0.9177369541644174,0.757127109568363
10,96,90,0.8579922289439947,0.25729206474124705
10,96,91,,
10,96,92,1.1125009149701937,0.8720004665357859
10,96,93,,
10,96,94,2.032970074809162,0.930285198576455
10,96,95,0.4463258880001999,0.2640584770749188
10,96,96,0.2330557095676412,0.7579693047389595
10,96,97,2.38481105541872,1.8366010758895637
10,96,98,,
10,96,99,3.120478733934037,0.2830339187945378
10,144,0,8.497133333505186,4.154218477317426
10,144,1,2.6535429735515828,2.5428772923670135
10,144,2,0.9495752393332498,0.11962488330836332
10,144,3,1.2561564173172333,0.9265813400239326
10,144,4,0.6682763918550491,0.4775715384360718
10,144,5,0.8436935008843446,0.7672900702266131
10,144,6,0.2753774567265222,0.2266942492436948
10,144,7,0.7306420240365694,0.23397450483100507
10,144,8,0.15949024395827407,0.12172461875948005
10,144,9,0.2558301593701909,1.3499934838272372
10,144,10,0.618704545557738,1.1395862199702693
10,144,11,6.4488799500989815,0.7315443069558589
10,144,12,2.055099406140493,1.5799865231192691
10,144,13,3.2661810873439503,0.23516149012315848
10,144,14,0.9439578106599877,0.9940211299617214
10,144,15,0.9054119320614743,3.002015783187799
10,144,16,2.6542788606361776,1.8310566191423299
10,144,17,2.7625994118103283,0.9911196082137927
10,144,18,1.3858950676726525,0.17831874219456678
10,144,19,0.628794861156422,0.32737135712098797
10,144,20,0.4834948725869989,2.854075904172157
10,144,21,0.6564287810211857,3.0878552321833768
10,144,22,0.3286046412300498,0.1560164336319752
10,144,23,0.8858984269436405,0.3321135633098779
10,144,24,0.8906157017368954,0.20716153313366098
10,144,25,4.572701436164548,2.772489364095586
10,144,26,0.7072814285477091,0.19233351688228864
10,144,27,3.9104402098758984,0.3329680570880397
10,144,28,0.5944387215448993,0.44593350758410605
10,144,29,0.7282871100485764,0.3614148641119746
10,144,30,0.3558792507104097,0.8953566527843826
10,144,31,0.35644728269522913,0.17493111747488654
10,144,32,5.769914195964615,4.385852777729832
10,144,33,0.8321339421421756,0.847458274385551
10,144,34,3.674021999030444,2.5557188584529573
10,144,35,0.2742830976512936,0.19407084768761634
10,144,36,0.18458213852433167,0.5912746443515693
10,144,37,3.418363340246581,4.477098497189323
10,144,38,,1.0551804637553763
10,144,39,0.24948609115518766,0.16386744656271374
10,144,40,0.3821830573038789,0.12332695538224726
10,144,41,0.679104980843054,0.15824012204465288
10,144,42,0.9922085895055188,3.3161474255465384
10,144,43,3.7477253681271017,4.871697783983389
10,144,44,0.21542732399141584,1.1659031277573497
10,144,45,0.9206456514133063,1.198040183709011
10,144,46,2.923025894848069,0.3757938774841155
10,144,47,4.045826823111444,1.0664733565138305
10,144,48,0.4020464538438061,0.09705569209885612
10,144,49,0.29364569905046606,1.511995264590441
10,144,50,0.8661936069622976,0.3915364223491791
10,144,51,0.24075732627195212,0.12442431089578605
10,144,52,,0.252392217988069
10,144,53,0.7059661810912686,1.1020435421786487
10,144,54,0.6737847269943811,0.08027013291730781
10,144,55,0.3063592754558485,0.37277244106833707
10,144,56,0.6980589357188144,0.2972254402395258
10,144,57,0.6215260667126659,0.8725499375171824
10,144,58,3.338661984358929,2.533416522849559
10,144,59,6.459087611616993,3.5056046903958293
10,144,60,1.3357124809027752,4.250145898043989
10,144,61,1.301169823695197,1.1233619377627708
10,144,62,5.877636386874886,4.159964404692751
10,144,63,0.09611271043659073,0.07617783611613697
10,144,64,0.40225557698631254,3.2684594913415688
10,144,65,1.3085642087810865,0.1631461833690142
10,144,66,0.39195803777089755,1.6683134971949174
10,144,67,3.232282221792377,2.712545538680538
10,144,68,0.35755589055238646,1.0445137061768006
10,144,69,0.07844590580499237,0.4233934609671202
10,144,70,2.667348720621987,0.9775009505918612
10,144,71,5.372098365866889,1.0880970887558528
10,144,72,1.0527174732746878,0.19329757285652682
10,144,73,0.4080290042446003,0.17222121834842344
10,144,74,0.750885141978398,0.6566300022568721
10,144,75,1.1595612355109075,1.2202511313669056
10,144,76,0.8759737798803168,0.34838137389454255
10,144,77,1.477466618388604,0.9071795214663441
10,144,78,1.151364552475482,0.2405807405361778
10,144,79,0.12494560459251855,0.1636341858482813
10,144,80,1.7488292495330244,6.524129843596475
10,144,81,0.9491130143126598,0.5164109622676475
10,144,82,2.646246240438835,2.670531748382812
10,144,83,0.6694951831246647,1.5082409667999315
10,144,84,1.0914419026495799,0.8788497339828136
10,144,85,2.5059848333971866,6.062231931381869
10,144,86,0.2276337762895415,1.0413699600912216
10,144,87,0.6361600525348127,0.06408783134914739
10,144,88,1.6851527991002309,2.686359970896873
10,144,89,0.29780144471440506,0.040101687328756644
10,144,90,0.8436292200521341,0.3752147648606117
10,144,91,0.25411864623866665,0.24399590673661858
10,144,92,1.2254945520261078,0.4850270395475224
10,144,93,0.9811984601215874,4.095468054937202
10,144,94,,
10,144,95,1.4080458578434687,0.08056508929679634
10,144,96,1.172066227885836,1.4675126321848302
10,144,97,2.1337422406004722,4.549027999377745
10,144,98,2.1837054608026394,3.379474796016018
10,144,99,0.9638824086044209,0.481319024348975
10,240,0,1.9949843643303258,1.4901697078281924
10,240,1,2.900454185395988,2.905290638836936
10,240,2,0.5484933997634073,0.3537357292857078
10,240,3,0.11658381022334734,0.10284729389814934
10,240,4,2.635102352447286,7.687357794878331
10,240,5,0.13640800384892493,0.13818858437814932
10,240,6,2.1772791325517575,0.29600276660099517
10,240,7,0.913459505700985,1.3772976292606884
10,240,8,3.9666259798291903,3.2789102436265996
10,240,9,0.8339913925319942,0.2384441097211119
10,240,10,0.1958964271593607,2.095496502938337
10,240,11,1.5189450572631835,0.07957722104967206
10,240,12,1.264016896962176,0.38870741646525536
10,240,13,0.21627015752170375,0.21306632076015192
10,240,14,0.9388667672148959,1.6060508990538993
10,240,15,1.0156578330139494,4.077595846293055
10,240,16,0.6807854935916079,4.04732445899607
10,240,17,3.1796877366383174,7.44547880287583
10,240,18,,2.592981278489756
10,240,19,1.7401806776846729,1.8759849154190833
10,240,20,0.6803572941907651,0.8494881409298923
10,240,21,1.3578049253976852,0.19765054149014563
10,240,22,3.8522614252939196,5.076130232550433
10,240,23,0.6610856560186035,1.5295020605770966
10,240,24,0.18029450551299453,1.384896985203325
10,240,25,0.8905143310719331,9.348249320192403
10,240,26,0.8433406410408021,0.14401333809056857
10,240,27,1.9249120935477588,3.97367424133446
10,240,28,0.9425153691265267,0.10492205923905622
10,240,29,13.414365919339183,11.465102568490643
10,240,30,0.904467011132444,0.6124204205848106
10,240,31,3.9436826437645722,1.2052977533667306
10,240,32,0.38439682667218517,0.057420688927099284
10,240,33,1.1043964021020556,4.423893856576387
10,240,34,2.666959474379565,0.501761291162253
10,240,35,0.07379193903835107,0.527624420685182
10,240,36,12.417126380324786,1.2529892556643252
10,240,37,2.2048818802285646,11.3725235852826
10,240,38,0.775693155117352,3.596050266608914
10,240,39,0.8454777508614397,1.9139382203908104
10,240,40,0.7941195393287368,0.28390299649136824
10,240,41,0.2241893062698595,1.2354864570032211
10,240,42,2.1312108134166667,0.20748503358478687
10,240,43,5.5039466872413625,0.8012123247221098
10,240,44,1.140853155144223,13.03889318836653
10,240,45,0.3831798040707132,1.1824585778563639
10,240,46,0.5298909587631258,0.14634770799389216
10,240,47,0.5480591505475004,0.6168425062113332
10,240,48,0.7091546628050712,0.09295184134676608
10,240,49,1.3209658169650282,1.8460116722966122
10,240,50,0.10419658714418092,0.23636734640441545
10,240,51,1.2494051473524406,1.1636663712646487
10,240,52,0.3518188950809864,0.2793813357293814
10,240,53,4.019194625568403,4.6047993192179
10,240,54,1.390937809180752,0.1524407511560924
10,240,55,4.305874694948899,2.8574803247595573
10,240,56,0.7618371553220042,0.6626328220164038
10,240,57,1.0678570354812784,0.15382719344583512
10,240,58,0.35449660378504655,0.34955914808592065
10,240,59,2.392504602938339,0.903135019148209
10,240,60,3.9910371438132097,0.8842919156875619
10,240,61,0.8637556357882222,0.13859349064539395
10,240,62,1.4841625175051356,1.4964924591134847
10,240,63,4.33081517243609,1.1151076301262755
10,240,64,1.3325884539118695,3.086830166380441
10,240,65,0.19698793222610916,0.9426621779782818
10,240,66,2.030573313618339,6.145503537950368
10,240,67,0.21862722337252538,0.31809297350149457
10,240,68,0.23322212527345224,0.6972475261100745
10,240,69,2.4550903300404348,2.5882944214293193
10,240,70,0.7877547572446454,0.24178151418059649
10,240,71,2.075952423365899,1.100483175270401
10,240,72,3.171864965158269,0.5338261689050405
10,240,73,1.0857859224926358,1.2692599889603418
10,240,74,1.7207549155050736,1.6659208147886972
10,240,75,1.0429289528686796,1.7896631464946091
10,240,76,5.36731851177316,0.8406580206442074
10,240,77,0.2813787486137316,0.1219169153738372
10,240,78,1.6449472586263596,0.12343319441318712
10,240,79,0.03634290527844244,1.0866481073606726
10,240,80,0.13349646002024732,1.2996319606427018
10,240,81,,0.20251637807989895
10,240,82,0.11260264681529751,0.6853026788890865
10,240,83,0.3999064440496469,0.07304514775787459
10,240,84,0.3041722777604015,1.1473086599056557
10,240,85,5.2280738129440465,0.9941253143173685
10,240,86,0.6486826383354215,0.807815329186278
10,240,87,1.9460614055896,0.2286285989497527
10,240,88,0.09359233695603242,0.5932110064619123
10,240,89,0.12774344330291051,0.1454240991937758
10,240,90,1.1210327913477172,0.9561742947806701
10,240,91,2.777498583418062,0.602653045701077
10,240,92,0.8776056316807581,1.5394143963818405
10,240,93,1.003418357638955,0.1043937775554514
10,240,94,1.3498380473586047,0.12153010361388632
10,240,95,1.8301493552355945,0.9888268192147851
10,240,96,1.101837238282655,0.9326701246331256
10,240,97,2.0505577731605906,1.343782831814786
10,240,98,1.804839834719854,1.61412515945176
10,240,99,0.7613874125141047,0.34718566598342004
10,480,0,0.3048446336613234,0.6613283967628615
10,480,1,0.2086818131154176,0.28058421920508564
10,480,2,2.5178022288538573,10.127491311578598
10,480,3,0.7762848176170872,0.08223231258468645
10,480,4,0.4646822996795854,1.155980481797168
10,480,5,32.21997234733876,8.321701157736841
10,480,6,3.539344249113929,0.240210776184025
10,480,7,0.16163380942702874,0.1072275177311002
10,480,8,1.180686731816981,0.3269014728596601
10,480,9,0.5704704102380526,0.5634473160267366
10,480,10,0.18797106163789334,0.7783390883525979
10,480,11,5.861661285682048,6.716574827937296
10,480,12,0.8543691112311436,0.16782820530829148
10,480,13,1.351389642299368,0.6716013147375546
10,480,14,0.8203857405613522,3.1693636242703396
10,480,15,4.6187503294787025,1.1053171920602205
10,480,16,0.954071334164197,1.2517277924122427
10,480,17,2.1058297824572003,0.48370642809982345
10,480,18,1.269882489005119,0.6556688569657931
10,480,19,1.630373363089529,0.1142070804647068
10,480,20,1.3337739813726057,0.30634143447553075
10,480,21,0.2195714971169134,0.9977236241562629
10,480,22,1.191848868731731,1.4852449560227263
10,480,23,1.8640600835495418,1.4151460734913757
10,480,24,0.3873568598917114,0.7689166839031133
10,480,25,0.29390398117589556,0.45503188928357874
10,480,26,0.21276276398792834,0.16417425822780848
10,480,27,2.379217359286665,6.674030269039544
10,480,28,0.2205981118915933,0.1033826800294756
10,480,29,0.08542027757634528,0.7519236803011623
10,480,30,12.676939672784222,10.631347131032783
10,480,31,0.7627151527078118,0.1004901384831969
10,480,32,1.545154522481684,9.874131625703445
10,480,33,0.8348701299547622,1.3795956763309973
10,480,34,0.3265858058248927,4.176269418493474
10,480,35,0.8410156882391822,0.9665425691847798
10,480,36,1.7021194706526541,0.7745908278225715
10,480,37,1.2088346899724904,0.22437350206253098
10,480,38,0.138311660821622,0.026028399638397495
10,480,39,0.8341493969895135,0.07830651292218468
10,480,40,0.2288747807274463,0.14922460259513068
10,480,41,1.22656319360394,1.1985794874887599
10,480,42,2.024507782401776,9.354880929440524
10,480,43,4.788697599280585,3.0942154506726154
10,480,44,5.560747497253472,13.386952444624226
10,480,45,2.216090224932038,2.645856783367116
10,480,46,0.26396828958957175,0.22361765985601095
10,480,47,4.898780739990402,4.097982923151155
10,480,48,9.47497228871052,8.03471659187869
10,480,49,10.420885418408716,5.513431838206251
10,480,50,2.0567836637523804,0.7970947254326265
10,480,51,1.7598419413527335,6.688358450623338
10,480,52,0.9006006104031516,0.1955736655814789
10,480,53,0.4667181973546303,0.25396012581607313
10,480,54,1.620334314651572,0.11856154616079706
10,480,55,0.3555519337516399,1.5240119098606248
10,480,56,0.687088212928155,0.11992809997177468
10,480,57,0.06821093254846897,0.7752905968110492
10,480,58,1.2995686982026773,5.603967025049581
10,480,59,1.0137258532736872,6.958417793924679
10,480,60,1.0187813885068067,0.9833100266740191
10,480,61,1.1153315759418267,0.22392749680275043
10,480,62,10.375076398211473,13.053714508790378
10,480,63,1.2156727459508307,0.5209043948504282
10,480,64,1.9470060172754293,2.788358516881586
10,480,65,0.6047332116721685,2.7397816602372624
10,480,66,0.09283402696194261,0.6221812759040396
10,480,67,1.9735004141778036,5.979611892850894
10,480,68,6.03604427999706,1.6861816984759508
10,480,69,0.8633496041870617,0.6830243647145842
10,480,70,0.47241231410611834,1.8941333648714382
10,480,71,0.6576712631627741,0.04564464052955146
10,480,72,0.3000703340914379,0.15242945578961087
10,480,73,0.5476827387500841,0.5807061413548388
10,480,74,0.8021057377239647,0.1213817015377383
10,480,75,2.5024944399172493,1.1872208388023475
10,480,76,3.1593802647410167,0.1879584719783001
10,480,77,1.4111802789163368,1.3560009089462404
10,480,78,0.3789462863133758,0.8772948488958451
10,480,79,6.116722379652829,5.968310777674513
10,480,80,0.1188683008819689,0.7483379162477389
10,480,81,1.5392089190031824,1.1920546439478865
10,480,82,1.7479870060699392,0.9226383496157
10,480,83,0.12863130596094666,1.133900354754133
10,480,84,,1.2081754772300626
10,480,85,22.895994917770487,16.993903000783334
10,480,86,0.26744838236805335,0.06675669179087491
10,480,87,16.21307251882199,12.693948791797188
10,480,88,,
10,480,89,10.03263314740099,4.1891305667974885
10,480,90,0.24752755345718452,0.15504580182245006
10,480,91,18.094797844866584,0.6189766224908352
10,480,92,6.3862014473949325,1.3504947760196626
10,480,93,0.3615630811848278,0.044192712884445914
10,480,94,2.1062570655031196,13.902485217832881
10,480,95,0.9711149491332547,0.25175296251861057
10,480,96,0.2690978773173215,0.0924751587950004
10,480,97,0.904444548597121,2.0965196119447986
10,480,98,,0.6082864060464674
10,480,99,0.15916906807345382,0.8991555281533984
