True DGP (p0),Sample Size (T),Estimator,Lag Detection Rate (%),Mean Evaluated Lag,Avg Opt Tau,Fail Rate (%),Geom Mean MSE Ratio,5th Percentile,95th Percentile
4,240,AIC,50.0,3.0,N/A,0.0,0.817928168946888,0.6855561650789687,0.9834503244778403
4,240,SIC (BIC),0.0,2.0,N/A,0.0,0.25441719568664917,0.12536528337269615,0.6403937944944873
4,240,HQC,0.0,2.5,N/A,0.0,0.5958674694757885,0.537638466724349,0.6620923830919427
4,240,OLS BMA (BIC-W),N/A,2.0,N/A,0.0,1.078992092085191,0.7784646853773356,1.5391249478881537
4,240,"OLS BMA (Geom-W, th=0.5)",N/A,2.0,N/A,0.0,0.6234034183967346,0.3207435238063681,1.4411826940687853
4,240,"BVAR-WN (tau=0.05, p_max)",N/A,12.0,N/A,0.0,1.3334903002516014,0.7951669094879514,2.434429914878052
4,240,"BVAR-WN (tau=0.20, p_max)",N/A,12.0,N/A,0.0,0.48402475462842387,0.2626276668490394,1.0202159739847219
4,240,"BVAR-WN (tau=0.35, p_max)",N/A,12.0,N/A,0.0,1.6621234825839863,1.4909591034094318,1.8582435578625964
4,240,"BVAR-WN (tau=0.50, p_max)",N/A,12.0,N/A,0.0,0.5985861845562244,0.30609317670775105,1.399706687051875
4,240,"BVAR-WN (tau=0.65, p_max)",N/A,12.0,N/A,0.0,0.5546068632915178,0.29282591710608713,1.2240949713686033
4,240,"BVAR-WN (tau=0.80, p_max)",N/A,12.0,N/A,0.0,1.559705630694806,1.34352709653073,1.8206023698312388
4,240,"BVAR-WN (tau=0.95, p_max)",N/A,12.0,N/A,0.0,0.7405622972657586,0.7137700748425398,0.7686072570458427
4,240,"BVAR-RW (tau=0.20, p_max)",N/A,12.0,N/A,0.0,0.6101516348669632,0.2752145128593487,1.9512954764125283
4,240,"BVAR-RW (tau=0.50, p_max)",N/A,12.0,N/A,0.0,1.6818900544820334,1.3924330657727912,2.049713246250286
4,240,"Joint (p, tau) Grid BMA",N/A,4.08,N/A,0.0,1.9614697055037682,1.589657901266666,2.447385776625809
4,240,"Geom (p, tau) Grid BMA (th=0.5)",N/A,2.72,N/A,0.0,1.1444153755010198,0.6069548066832913,2.50637121229342
4,240,"BVAR-WN (MDD tau, p_max)",N/A,12.0,0.2,0.0,0.48402475462842387,0.2626276668490394,1.0202159739847219
4,240,"BVAR-WN (tau=0.05, p0)",N/A,12.0,N/A,0.0,2.2181466914123598,1.6535044990089367,3.0441945795943264
4,240,"BVAR-WN (tau=0.20, p0)",N/A,12.0,N/A,0.0,1.0376031164514916,0.5869322508224452,2.0474396476341403
4,240,"BVAR-WN (tau=0.35, p0)",N/A,12.0,N/A,0.0,0.6337070783601533,0.29070830376182555,1.9109654332109933
4,240,"BVAR-WN (tau=0.50, p0)",N/A,12.0,N/A,0.0,0.4974115644328328,0.3208739286298272,0.8158523993610074
4,240,"BVAR-WN (tau=0.65, p0)",N/A,12.0,N/A,0.0,0.35851116582915216,0.29310179867311065,0.44301384058121707
4,240,"BVAR-WN (tau=0.80, p0)",N/A,12.0,N/A,0.0,0.9170982526713203,0.4746975864794116,2.096880941466834
4,240,"BVAR-WN (tau=0.95, p0)",N/A,12.0,N/A,0.0,1.3722134755919002,1.3624164611184384,1.382097611977192
4,240,"BVAR-WN (MDD tau, p0)",N/A,12.0,0.2,0.0,1.0376031164514916,0.5869322508224452,2.0474396476341403
4,300,AIC,0.0,3.0,N/A,0.0,0.7091572414593061,0.4100181937973059,1.3539843627682997
4,300,SIC (BIC),0.0,2.0,N/A,0.0,0.6393595230974033,0.39174857440692545,1.1236684032776296
4,300,HQC,0.0,2.5,N/A,0.0,1.2796663358432854,1.1764354315785919,1.3943221121252096
4,300,OLS BMA (BIC-W),N/A,2.0,N/A,0.0,0.3740550872407394,0.21507476903609016,0.7200905757513798
4,300,"OLS BMA (Geom-W, th=0.5)",N/A,2.0,N/A,0.0,0.5219533046118382,0.2691350263474569,1.201795730725201
4,300,"BVAR-WN (tau=0.05, p_max)",N/A,12.0,N/A,0.0,1.7319792837500603,1.6002058296186767,1.8774201986379242
4,300,"BVAR-WN (tau=0.20, p_max)",N/A,12.0,N/A,0.0,1.0739797715707242,1.0598320339438634,1.0883614034727307
4,300,"BVAR-WN (tau=0.35, p_max)",N/A,12.0,N/A,50.0,0.42574752804637933,0.42574752804637933,0.42574752804637933
4,300,"BVAR-WN (tau=0.50, p_max)",N/A,12.0,N/A,0.0,0.3145029783585221,0.15627416387200715,0.7779816435256427
4,300,"BVAR-WN (tau=0.65, p_max)",N/A,12.0,N/A,50.0,0.6759689818027405,0.6759689818027405,0.6759689818027405
4,300,"BVAR-WN (tau=0.80, p_max)",N/A,12.0,N/A,0.0,0.8627160750078523,0.6612575723194015,1.1464256581522585
4,300,"BVAR-WN (tau=0.95, p_max)",N/A,12.0,N/A,0.0,0.73265532389224,0.5671637102906754,0.9626035975010258
4,300,"BVAR-RW (tau=0.20, p_max)",N/A,12.0,N/A,0.0,0.35255652003326915,0.1592932585826073,1.1202510090505577
4,300,"BVAR-RW (tau=0.50, p_max)",N/A,12.0,N/A,0.0,0.9909277477157443,0.7347218207499275,1.3685393587952086
4,300,"Joint (p, tau) Grid BMA",N/A,6.2,N/A,0.0,0.8230446262924809,0.7761267713074139,0.8735153506126296
4,300,"Geom (p, tau) Grid BMA (th=0.5)",N/A,4.32,N/A,0.0,0.19330669939130696,0.09811271022482278,0.45848501990284474
4,300,"BVAR-WN (MDD tau, p_max)",N/A,12.0,0.2,0.0,1.0739797715707242,1.0598320339438634,1.0883614034727307
4,300,"BVAR-WN (tau=0.05, p0)",N/A,12.0,N/A,0.0,1.4935751949585183,1.2929398431008827,1.7341748603486424
4,300,"BVAR-WN (tau=0.20, p0)",N/A,12.0,N/A,0.0,0.8368837962952581,0.7346611509059835,0.9572860807584319
4,300,"BVAR-WN (tau=0.35, p0)",N/A,12.0,N/A,0.0,0.5205103179301068,0.2683101386692717,1.1991373141291874
4,300,"BVAR-WN (tau=0.50, p0)",N/A,12.0,N/A,0.0,0.9567112057773071,0.6875335216823067,1.3711335099837674
4,300,"BVAR-WN (tau=0.65, p0)",N/A,12.0,N/A,0.0,0.30132800288882317,0.15964165100447364,0.661155629425416
4,300,"BVAR-WN (tau=0.80, p0)",N/A,12.0,N/A,0.0,0.4022509625486326,0.18378184158469635,1.2290522509740676
4,300,"BVAR-WN (tau=0.95, p0)",N/A,12.0,N/A,0.0,0.17858823330134407,0.12152257004206055,0.27361376099160184
4,300,"BVAR-WN (MDD tau, p0)",N/A,12.0,0.2,0.0,0.8368837962952581,0.7346611509059835,0.9572860807584319
4,360,AIC,100.0,4.0,N/A,0.0,0.9999999999999991,0.9999999999999984,0.9999999999999998
4,360,SIC (BIC),0.0,2.0,N/A,0.0,4.401300668940932,1.9350647945863324,20.82885224774435
4,360,HQC,0.0,2.0,N/A,0.0,4.401300668940932,1.9350647945863324,20.82885224774435
4,360,OLS BMA (BIC-W),N/A,2.0,N/A,0.0,0.8546269366753904,0.3807991758883217,2.8795853392028707
4,360,"OLS BMA (Geom-W, th=0.5)",N/A,2.0,N/A,0.0,4.355795930626185,1.8991056840562899,18.486698141156168
4,360,"BVAR-WN (tau=0.05, p_max)",N/A,12.0,N/A,0.0,1.5519732030060926,0.6841932686326018,5.5478879606606935
4,360,"BVAR-WN (tau=0.20, p_max)",N/A,12.0,N/A,0.0,3.9604576435622287,1.8606752127175825,24.30205153201878
4,360,"BVAR-WN (tau=0.35, p_max)",N/A,12.0,N/A,0.0,2.8862170303362022,1.5356003578239548,22.970413163768942
4,360,"BVAR-WN (tau=0.50, p_max)",N/A,12.0,N/A,0.0,2.8184650962017845,1.336529009053471,17.718255519365364
4,360,"BVAR-WN (tau=0.65, p_max)",N/A,12.0,N/A,0.0,2.1328555535367304,1.0643367251967728,5.230332273299176
4,360,"BVAR-WN (tau=0.80, p_max)",N/A,12.0,N/A,0.0,4.418748381363316,1.930622724973654,17.13882827585329
4,360,"BVAR-WN (tau=0.95, p_max)",N/A,12.0,N/A,0.0,4.1019842368445705,1.9053418654279721,24.387245839027468
4,360,"BVAR-RW (tau=0.20, p_max)",N/A,12.0,N/A,50.0,1.0650065248629852,1.0650065248629852,1.0650065248629852
4,360,"BVAR-RW (tau=0.50, p_max)",N/A,12.0,N/A,0.0,1.8216890196949327,0.8642644002028181,11.4658272166548
4,360,"Joint (p, tau) Grid BMA",N/A,4.23,N/A,0.0,1.41754194949381,0.8831483284481645,14.391038492818346
4,360,"Geom (p, tau) Grid BMA (th=0.5)",N/A,3.46,N/A,0.0,5.710899299875384,2.5101028706422808,26.96552854927825
4,360,"BVAR-WN (MDD tau, p_max)",N/A,12.0,0.2,0.0,3.9604576435622287,1.8606752127175825,24.30205153201878
4,360,"BVAR-WN (tau=0.05, p0)",N/A,12.0,N/A,0.0,6.047768448068853,2.7383704236298962,33.10815358300474
4,360,"BVAR-WN (tau=0.20, p0)",N/A,12.0,N/A,50.0,20.517783697861216,20.51778369786122,20.51778369786122
4,360,"BVAR-WN (tau=0.35, p0)",N/A,12.0,N/A,0.0,4.878473029067311,2.1319802418814753,21.76019309327297
4,360,"BVAR-WN (tau=0.50, p0)",N/A,12.0,N/A,0.0,4.2000643524796075,1.898604573158838,13.321560171492317
4,360,"BVAR-WN (tau=0.65, p0)",N/A,12.0,N/A,0.0,2.4220069654107292,1.450348710838371,23.237671825577106
4,360,"BVAR-WN (tau=0.80, p0)",N/A,12.0,N/A,0.0,1.17823230388324,0.8588543021059931,1.6602244263915933
4,360,"BVAR-WN (tau=0.95, p0)",N/A,12.0,N/A,0.0,4.1613294846011115,1.815006532071814,17.895657953860326
4,360,"BVAR-WN (MDD tau, p0)",N/A,12.0,0.2,50.0,20.517783697861216,20.51778369786122,20.51778369786122
4,480,AIC,100.0,4.0,N/A,0.0,0.9999999999999999,0.9999999999999999,0.9999999999999999
4,480,SIC (BIC),0.0,2.0,N/A,0.0,0.2559653683302561,0.11171688165369292,1.1180007314135374
4,480,HQC,0.0,3.0,N/A,0.0,1.0001587411946504,0.8664462100040501,1.1603525345290364
4,480,OLS BMA (BIC-W),N/A,2.0,N/A,0.0,0.5314172787508366,0.38642838849721717,0.7509733861764657
4,480,"OLS BMA (Geom-W, th=0.5)",N/A,2.0,N/A,0.0,0.374274163050371,0.2554758875161566,0.5711947578067081
4,480,"BVAR-WN (tau=0.05, p_max)",N/A,12.0,N/A,0.0,1.1350157867328856,0.8952580604887612,1.459863642961236
4,480,"BVAR-WN (tau=0.20, p_max)",N/A,12.0,N/A,0.0,0.3380037246231755,0.22299863503647124,0.5384948401099733
4,480,"BVAR-WN (tau=0.35, p_max)",N/A,12.0,N/A,0.0,0.8920511039413629,0.5536417301815749,1.5404563274997223
4,480,"BVAR-WN (tau=0.50, p_max)",N/A,12.0,N/A,0.0,0.16400379514222768,0.14871610976717206,0.18128119257601197
4,480,"BVAR-WN (tau=0.65, p_max)",N/A,12.0,N/A,0.0,0.8360766857112562,0.6679608706017981,1.0599978473972669
4,480,"BVAR-WN (tau=0.80, p_max)",N/A,12.0,N/A,0.0,0.9078581159592435,0.6106129136563215,1.411384600144458
4,480,"BVAR-WN (tau=0.95, p_max)",N/A,12.0,N/A,0.0,1.1419973854903605,1.0560473404283524,1.2367561294375726
4,480,"BVAR-RW (tau=0.20, p_max)",N/A,12.0,N/A,0.0,0.8030747825477392,0.592436069983951,1.1157087698646377
4,480,"BVAR-RW (tau=0.50, p_max)",N/A,12.0,N/A,0.0,0.7932963577391635,0.5575253355332068,1.1679674243008549
4,480,"Joint (p, tau) Grid BMA",N/A,4.59,N/A,0.0,0.46402612486734696,0.36116833351529837,0.6059018938081474
4,480,"Geom (p, tau) Grid BMA (th=0.5)",N/A,4.27,N/A,0.0,0.6721837900379534,0.4911756879420963,0.9444239934599321
4,480,"BVAR-WN (MDD tau, p_max)",N/A,12.0,0.2,0.0,0.3380037246231755,0.22299863503647124,0.5384948401099733
4,480,"BVAR-WN (tau=0.05, p0)",N/A,12.0,N/A,0.0,0.7786982364644596,0.536707007954946,1.1742032819009007
4,480,"BVAR-WN (tau=0.20, p0)",N/A,12.0,N/A,0.0,0.5181312839070346,0.2369188313178408,1.578874940469878
4,480,"BVAR-WN (tau=0.35, p0)",N/A,12.0,N/A,0.0,0.5774728133959323,0.39223149510928734,0.8867631108250735
4,480,"BVAR-WN (tau=0.50, p0)",N/A,12.0,N/A,0.0,0.3008990269225463,0.13330475084745408,1.044215822417458
4,480,"BVAR-WN (tau=0.65, p0)",N/A,12.0,N/A,0.0,0.32831343396163765,0.30706274231602154,0.35141040614406094
4,480,"BVAR-WN (tau=0.80, p0)",N/A,12.0,N/A,0.0,1.1770742595725048,1.1301376255323836,1.2264414992354824
4,480,"BVAR-WN (tau=0.95, p0)",N/A,12.0,N/A,0.0,0.22045962019981957,0.14251234150910697,0.3606139970285321
4,480,"BVAR-WN (MDD tau, p0)",N/A,12.0,0.2,0.0,0.5181312839070346,0.2369188313178408,1.578874940469878
4,600,AIC,50.0,3.5,N/A,0.0,0.9154428479737022,0.8461338275108929,0.99190178039531
4,600,SIC (BIC),0.0,2.0,N/A,0.0,0.6289131915297863,0.30279822222002584,1.6663181731989982
4,600,HQC,50.0,3.5,N/A,0.0,0.9154428479737022,0.8461338275108929,0.99190178039531
4,600,OLS BMA (BIC-W),N/A,2.0,N/A,0.0,0.7999574831930513,0.5703376319900695,1.1574672018637033
4,600,"OLS BMA (Geom-W, th=0.5)",N/A,2.0,N/A,0.0,0.3165429225957842,0.13973395326240912,1.1219362504752979
4,600,"BVAR-WN (tau=0.05, p_max)",N/A,12.0,N/A,0.0,1.289294301963151,0.8686752813457497,1.9999794041735743
4,600,"BVAR-WN (tau=0.20, p_max)",N/A,12.0,N/A,0.0,0.5820731057114009,0.26361788069409264,1.833381964407113
4,600,"BVAR-WN (tau=0.35, p_max)",N/A,12.0,N/A,0.0,0.5512637944932418,0.310751515587314,1.093566889412103
4,600,"BVAR-WN (tau=0.50, p_max)",N/A,12.0,N/A,0.0,0.44306983394474986,0.207017809368281,1.2658790223335417
4,600,"BVAR-WN (tau=0.65, p_max)",N/A,12.0,N/A,0.0,0.5599180853492214,0.44003489723160993,0.7231436698997493
4,600,"BVAR-WN (tau=0.80, p_max)",N/A,12.0,N/A,0.0,0.5097429710888591,0.35759755668104604,0.7521493133515164
4,600,"BVAR-WN (tau=0.95, p_max)",N/A,12.0,N/A,0.0,0.2768178307811403,0.1936016768048045,0.4099852820327129
4,600,"BVAR-RW (tau=0.20, p_max)",N/A,12.0,N/A,0.0,0.32451446295685854,0.1420043189001201,1.2343017634679436
4,600,"BVAR-RW (tau=0.50, p_max)",N/A,12.0,N/A,0.0,0.4719153249807751,0.20572242109380362,1.933080972152522
4,600,"Joint (p, tau) Grid BMA",N/A,4.22,N/A,0.0,0.1679059661369462,0.15438695687913911,0.18291797253340158
4,600,"Geom (p, tau) Grid BMA (th=0.5)",N/A,3.7,N/A,0.0,0.7383092068095041,0.6906672425275201,0.7900765573997748
4,600,"BVAR-WN (MDD tau, p_max)",N/A,12.0,0.2,0.0,0.5820731057114009,0.26361788069409264,1.833381964407113
4,600,"BVAR-WN (tau=0.05, p0)",N/A,12.0,N/A,0.0,1.2109116541529952,0.7687179903228114,2.028548923139184
4,600,"BVAR-WN (tau=0.20, p0)",N/A,12.0,N/A,0.0,1.0207317828248421,0.5715335734008132,2.046066083077514
4,600,"BVAR-WN (tau=0.35, p0)",N/A,12.0,N/A,0.0,1.6303757843440703,1.6169769058745136,1.6439120022290838
4,600,"BVAR-WN (tau=0.50, p0)",N/A,12.0,N/A,0.0,0.922455485848346,0.5309378265728831,1.773102304673735
4,600,"BVAR-WN (tau=0.65, p0)",N/A,12.0,N/A,0.0,0.3025372055821862,0.1329121128489571,1.4233132190431599
4,600,"BVAR-WN (tau=0.80, p0)",N/A,12.0,N/A,0.0,0.17323586748539765,0.10303322851298367,0.31743466908560036
4,600,"BVAR-WN (tau=0.95, p0)",N/A,12.0,N/A,0.0,1.7113058435963326,1.6683035517927745,1.7556849582799288
4,600,"BVAR-WN (MDD tau, p0)",N/A,12.0,0.35,0.0,1.6303757843440703,1.6169769058745136,1.6439120022290838
6,240,AIC,50.0,5.5,N/A,0.0,1.5113520420586504,1.0642092497517426,2.21997574528311
6,240,SIC (BIC),0.0,2.0,N/A,0.0,0.8989945846325281,0.43046671806508274,2.412816795618196
6,240,HQC,0.0,2.0,N/A,0.0,0.8989945846325281,0.43046671806508274,2.412816795618196
6,240,OLS BMA (BIC-W),N/A,2.0,N/A,0.0,0.798034315672069,0.43363884037173045,1.6780558376104973
6,240,"OLS BMA (Geom-W, th=0.5)",N/A,2.0,N/A,0.0,2.3304221250000716,2.299088416826302,2.3622847402533775
6,240,"BVAR-WN (tau=0.05, p_max)",N/A,12.0,N/A,0.0,2.64877516916977,2.2634101118410364,3.1187049028198635
6,240,"BVAR-WN (tau=0.20, p_max)",N/A,12.0,N/A,0.0,1.5681292075314235,1.5188292021962038,1.619420128878659
6,240,"BVAR-WN (tau=0.35, p_max)",N/A,12.0,N/A,0.0,0.9647831217028149,0.7331195600085064,1.2948958043942567
6,240,"BVAR-WN (tau=0.50, p_max)",N/A,12.0,N/A,0.0,1.2118106370053705,0.8514521439243934,1.7846632056597203
6,240,"BVAR-WN (tau=0.65, p_max)",N/A,12.0,N/A,0.0,1.0709097086343766,0.8651748729014701,1.3409075863403843
6,240,"BVAR-WN (tau=0.80, p_max)",N/A,12.0,N/A,0.0,0.9973913210617317,0.6729863959238723,1.5443294408939625
6,240,"BVAR-WN (tau=0.95, p_max)",N/A,12.0,N/A,0.0,1.0943458734789206,1.0647738136532818,1.1249385998711283
6,240,"BVAR-RW (tau=0.20, p_max)",N/A,12.0,N/A,0.0,0.7185261003891797,0.3722357384458746,1.6402866112581291
6,240,"BVAR-RW (tau=0.50, p_max)",N/A,12.0,N/A,0.0,0.9357227821990032,0.513307138118537,1.9374698147702611
6,240,"Joint (p, tau) Grid BMA",N/A,7.15,N/A,0.0,1.7710471044984237,1.3282423854458778,2.413468720547731
6,240,"Geom (p, tau) Grid BMA (th=0.5)",N/A,4.72,N/A,0.0,0.6947668809224545,0.4142630732984943,1.2685018314084195
6,240,"BVAR-WN (MDD tau, p_max)",N/A,12.0,0.2,0.0,1.5681292075314235,1.5188292021962038,1.619420128878659
6,240,"BVAR-WN (tau=0.05, p0)",N/A,12.0,N/A,0.0,2.2911879626391207,1.8220581837912988,2.919895996100622
6,240,"BVAR-WN (tau=0.20, p0)",N/A,12.0,N/A,0.0,1.5391439241688705,1.357412907794192,1.7519291456916133
6,240,"BVAR-WN (tau=0.35, p0)",N/A,12.0,N/A,0.0,0.9885384421017466,0.690462917794676,1.4664341858621501
6,240,"BVAR-WN (tau=0.50, p0)",N/A,12.0,N/A,0.0,0.33654967155783205,0.26144680731610026,0.44041028237647617
6,240,"BVAR-WN (tau=0.65, p0)",N/A,12.0,N/A,0.0,0.5923332902408458,0.5246095724417658,0.6712018222771343
6,240,"BVAR-WN (tau=0.80, p0)",N/A,12.0,N/A,0.0,1.1956686984841318,0.8462667105337772,1.7453436809064795
6,240,"BVAR-WN (tau=0.95, p0)",N/A,12.0,N/A,0.0,0.669787481353507,0.5899300107925077,0.7634480083864226
6,240,"BVAR-WN (MDD tau, p0)",N/A,12.0,0.2,0.0,1.5391439241688705,1.357412907794192,1.7519291456916133
6,300,AIC,0.0,5.0,N/A,0.0,0.33955276762642944,0.1788614689265428,0.7524966241236595
6,300,SIC (BIC),0.0,2.0,N/A,0.0,1.0119347051761363,0.46465679828771755,5.810523348023657
6,300,HQC,0.0,2.0,N/A,0.0,1.0119347051761363,0.46465679828771755,5.810523348023657
6,300,OLS BMA (BIC-W),N/A,2.0,N/A,0.0,0.3931983098336987,0.2298624618157131,0.7386343954055251
6,300,"OLS BMA (Geom-W, th=0.5)",N/A,2.0,N/A,0.0,1.896482098069737,0.858554550548249,5.9824071366041585
6,300,"BVAR-WN (tau=0.05, p_max)",N/A,12.0,N/A,0.0,1.0426435023737675,0.47257595013965736,5.729032876439972
6,300,"BVAR-WN (tau=0.20, p_max)",N/A,12.0,N/A,0.0,1.050691255407648,0.46414083064344225,5.135280213218489
6,300,"BVAR-WN (tau=0.35, p_max)",N/A,12.0,N/A,0.0,0.9151954487487927,0.7347638753235249,1.153959229693963
6,300,"BVAR-WN (tau=0.50, p_max)",N/A,12.0,N/A,0.0,0.6291235465135705,0.43007679195144943,0.9583437810743864
6,300,"BVAR-WN (tau=0.65, p_max)",N/A,12.0,N/A,0.0,0.933406551576049,0.426146744754212,2.858878584943614
6,300,"BVAR-WN (tau=0.80, p_max)",N/A,12.0,N/A,0.0,1.8534867259575813,0.84376146217815,5.732795371099266
6,300,"BVAR-WN (tau=0.95, p_max)",N/A,12.0,N/A,0.0,0.6638012870252399,0.3817597120787233,1.277447757947818
6,300,"BVAR-RW (tau=0.20, p_max)",N/A,12.0,N/A,0.0,1.2159578706571523,0.5302710853334963,5.204948145119228
6,300,"BVAR-RW (tau=0.50, p_max)",N/A,12.0,N/A,0.0,0.32378322518978975,0.14148867827308528,1.2529933904985473
6,300,"Joint (p, tau) Grid BMA",N/A,8.17,N/A,0.0,1.5374495272246274,1.22430797197854,1.9563513473111234
6,300,"Geom (p, tau) Grid BMA (th=0.5)",N/A,4.97,N/A,0.0,1.8377251501457599,1.2938592031313843,2.699789774976812
6,300,"BVAR-WN (MDD tau, p_max)",N/A,12.0,0.2,0.0,1.050691255407648,0.46414083064344225,5.135280213218489
6,300,"BVAR-WN (tau=0.05, p0)",N/A,12.0,N/A,0.0,1.3501503670881925,0.589420339370794,5.305953909150155
6,300,"BVAR-WN (tau=0.20, p0)",N/A,12.0,N/A,0.0,0.935817508725881,0.8487466630667708,1.0341969536049742
6,300,"BVAR-WN (tau=0.35, p0)",N/A,12.0,N/A,0.0,1.8655230456174459,1.0773485046634004,3.5679658267021326
6,300,"BVAR-WN (tau=0.50, p0)",N/A,12.0,N/A,0.0,0.5959058708804738,0.2970940599603636,4.196366933418863
6,300,"BVAR-WN (tau=0.65, p0)",N/A,12.0,N/A,0.0,1.163627345685163,0.9967506334433809,1.3664853919326145
6,300,"BVAR-WN (tau=0.80, p0)",N/A,12.0,N/A,0.0,1.034276310245274,0.5234926145337785,2.466238498729208
6,300,"BVAR-WN (tau=0.95, p0)",N/A,12.0,N/A,0.0,0.7023185568169649,0.5410839623769507,0.9278071025808567
6,300,"BVAR-WN (MDD tau, p0)",N/A,12.0,0.2,0.0,0.935817508725881,0.8487466630667708,1.0341969536049742
6,360,AIC,50.0,6.5,N/A,0.0,0.7419691278090516,0.5729922772906386,0.977525909331086
6,360,SIC (BIC),0.0,2.0,N/A,0.0,1.6406101924163676,0.7654339703732591,4.7062166062333395
6,360,HQC,0.0,2.0,N/A,0.0,1.6406101924163676,0.7654339703732591,4.7062166062333395
6,360,OLS BMA (BIC-W),N/A,2.0,N/A,0.0,0.7462999950786693,0.6268810418001145,0.8952028665241663
6,360,"OLS BMA (Geom-W, th=0.5)",N/A,2.0,N/A,0.0,0.598583418988399,0.3756842898727135,1.0181644500879072
6,360,"BVAR-WN (tau=0.05, p_max)",N/A,12.0,N/A,0.0,2.6222929617708575,1.2367444500953508,7.307701901854969
6,360,"BVAR-WN (tau=0.20, p_max)",N/A,12.0,N/A,0.0,0.25853479898962484,0.15404619309394477,0.4725039808963413
6,360,"BVAR-WN (tau=0.35, p_max)",N/A,12.0,N/A,0.0,3.5896661117380035,2.7718255739427775,4.729932097370039
6,360,"BVAR-WN (tau=0.50, p_max)",N/A,12.0,N/A,0.0,0.6295534897160541,0.6093917491791502,0.6505452587148763
6,360,"BVAR-WN (tau=0.65, p_max)",N/A,12.0,N/A,0.0,1.4460723250307332,0.6303288322709415,5.9970463642910765
6,360,"BVAR-WN (tau=0.80, p_max)",N/A,12.0,N/A,0.0,1.6669619352811924,1.2249298932587958,2.326611519446779
6,360,"BVAR-WN (tau=0.95, p_max)",N/A,12.0,N/A,0.0,2.2198261151224608,1.084755462822766,5.688282960305849
6,360,"BVAR-RW (tau=0.20, p_max)",N/A,12.0,N/A,0.0,1.3273712850799093,0.9245138597866044,1.9758889965001372
6,360,"BVAR-RW (tau=0.50, p_max)",N/A,12.0,N/A,0.0,0.7456113342915749,0.5727465320659723,0.9883332728494678
6,360,"Joint (p, tau) Grid BMA",N/A,8.5,N/A,0.0,1.3416998564710894,0.5848717496960212,5.635116734240616
6,360,"Geom (p, tau) Grid BMA (th=0.5)",N/A,7.21,N/A,0.0,1.2835713006155736,0.5594967288277752,5.339813600100262
6,360,"BVAR-WN (MDD tau, p_max)",N/A,12.0,0.2,0.0,0.25853479898962484,0.15404619309394477,0.4725039808963413
6,360,"BVAR-WN (tau=0.05, p0)",N/A,12.0,N/A,0.0,3.656319478216733,1.8958737345729066,8.33324546804199
6,360,"BVAR-WN (tau=0.20, p0)",N/A,12.0,N/A,0.0,1.6521679545794212,0.7248571585673524,7.685443805863555
6,360,"BVAR-WN (tau=0.35, p0)",N/A,12.0,N/A,0.0,3.7201696551592907,2.786342847244794,5.077437125760746
6,360,"BVAR-WN (tau=0.50, p0)",N/A,12.0,N/A,0.0,1.3275018554451004,1.1836143910909505,1.493643314051482
6,360,"BVAR-WN (tau=0.65, p0)",N/A,12.0,N/A,0.0,0.9419180526725933,0.6275407312830361,1.482016684203104
6,360,"BVAR-WN (tau=0.80, p0)",N/A,12.0,N/A,0.0,2.258813388711434,2.258169694330122,2.2594573096337833
6,360,"BVAR-WN (tau=0.95, p0)",N/A,12.0,N/A,0.0,0.4107460707039604,0.20162819846108265,1.042292744720544
6,360,"BVAR-WN (MDD tau, p0)",N/A,12.0,0.2,0.0,1.6521679545794212,0.7248571585673524,7.685443805863555
6,480,AIC,50.0,5.5,N/A,0.0,0.889453307008461,0.8015708260808734,0.9895563592674141
6,480,SIC (BIC),0.0,2.0,N/A,0.0,1.977721546885431,0.8899725981618586,6.3834569392446205
6,480,HQC,0.0,3.0,N/A,0.0,1.7576896968471234,0.767415343316459,6.894830791687346
6,480,OLS BMA (BIC-W),N/A,2.0,N/A,0.0,3.226686832975588,2.801595705955931,3.7344946052943984
6,480,"OLS BMA (Geom-W, th=0.5)",N/A,2.0,N/A,0.0,4.441032368147402,4.2885810018587796,4.600231204213977
6,480,"BVAR-WN (tau=0.05, p_max)",N/A,12.0,N/A,0.0,4.207570815277061,2.354479923716121,8.442171378192782
6,480,"BVAR-WN (tau=0.20, p_max)",N/A,12.0,N/A,0.0,4.1303366320281505,3.742170910481138,4.569491657921298
6,480,"BVAR-WN (tau=0.35, p_max)",N/A,12.0,N/A,0.0,3.9927870081051737,2.9361031336972343,5.568126297058283
6,480,"BVAR-WN (tau=0.50, p_max)",N/A,12.0,N/A,0.0,1.5229474184502838,0.6735091056523955,5.338621528586864
6,480,"BVAR-WN (tau=0.65, p_max)",N/A,12.0,N/A,0.0,0.8466768422735997,0.6110690327590629,1.207234856436927
6,480,"BVAR-WN (tau=0.80, p_max)",N/A,12.0,N/A,50.0,4.076389816356777,4.076389816356777,4.076389816356777
6,480,"BVAR-WN (tau=0.95, p_max)",N/A,12.0,N/A,50.0,2.1911762737150977,2.1911762737150977,2.1911762737150977
6,480,"BVAR-RW (tau=0.20, p_max)",N/A,12.0,N/A,0.0,4.1072380111895015,3.419619700690337,4.974587052863242
6,480,"BVAR-RW (tau=0.50, p_max)",N/A,12.0,N/A,0.0,2.194129934932521,2.0991240962268365,2.2945021187796484
6,480,"Joint (p, tau) Grid BMA",N/A,6.73,N/A,0.0,1.7804263218230223,1.3774733360843874,2.3407588399981205
6,480,"Geom (p, tau) Grid BMA (th=0.5)",N/A,6.03,N/A,0.0,4.5028499509313145,3.8847106099602726,5.2473787435044565
6,480,"BVAR-WN (MDD tau, p_max)",N/A,12.0,0.2,0.0,4.1303366320281505,3.742170910481138,4.569491657921298
6,480,"BVAR-WN (tau=0.05, p0)",N/A,12.0,N/A,0.0,0.6442506188145131,0.5001097760384458,0.8437852003777666
6,480,"BVAR-WN (tau=0.20, p0)",N/A,12.0,N/A,0.0,2.1726019766432763,1.1464403807223285,4.800094445316807
6,480,"BVAR-WN (tau=0.35, p0)",N/A,12.0,N/A,50.0,3.9050600813365124,3.905060081336512,3.905060081336512
6,480,"BVAR-WN (tau=0.50, p0)",N/A,12.0,N/A,0.0,1.1868074519079699,0.6875543627357781,2.2592772942626227
6,480,"BVAR-WN (tau=0.65, p0)",N/A,12.0,N/A,50.0,3.1602868626114367,3.1602868626114367,3.1602868626114367
6,480,"BVAR-WN (tau=0.80, p0)",N/A,12.0,N/A,0.0,2.031965440300778,1.8274228259413516,2.2655626192786893
6,480,"BVAR-WN (tau=0.95, p0)",N/A,12.0,N/A,0.0,3.4172165844135307,3.1338659392427064,3.7329013750175553
6,480,"BVAR-WN (MDD tau, p0)",N/A,12.0,0.275,50.0,5.003075226683167,5.003075226683167,5.003075226683167
6,600,AIC,100.0,6.0,N/A,0.0,0.9999999999999998,0.9999999999999998,0.9999999999999999
6,600,SIC (BIC),0.0,2.0,N/A,0.0,1.9160250690450804,0.9160123024981811,5.161804379669207
6,600,HQC,0.0,2.5,N/A,0.0,1.4460815685520865,0.7998588738483572,2.9548892353225535
6,600,OLS BMA (BIC-W),N/A,2.0,N/A,0.0,2.5553176657226633,1.7843864307732893,3.7917496525253678
6,600,"OLS BMA (Geom-W, th=0.5)",N/A,2.0,N/A,0.0,0.47909182727837496,0.29887857044138627,0.8215728232620948
6,600,"BVAR-WN (tau=0.05, p_max)",N/A,12.0,N/A,0.0,0.9393864486801967,0.9385240759925169,0.9402497998506685
6,600,"BVAR-WN (tau=0.20, p_max)",N/A,12.0,N/A,0.0,1.3351382703994616,0.6398393808719688,3.5762820766467667
6,600,"BVAR-WN (tau=0.35, p_max)",N/A,12.0,N/A,0.0,2.5669404509055727,1.8447585118323824,3.6787632789129168
6,600,"BVAR-WN (tau=0.50, p_max)",N/A,12.0,N/A,0.0,1.3641206246260484,1.15504968355562,1.6221099181407557
6,600,"BVAR-WN (tau=0.65, p_max)",N/A,12.0,N/A,0.0,1.781088111456944,1.0265102428521669,3.416725910527045
6,600,"BVAR-WN (tau=0.80, p_max)",N/A,12.0,N/A,0.0,1.7283973930293246,1.6998235903467478,1.7575665452196318
6,600,"BVAR-WN (tau=0.95, p_max)",N/A,12.0,N/A,0.0,0.6147931680770269,0.29824425703081636,1.6010490437240366
6,600,"BVAR-RW (tau=0.20, p_max)",N/A,12.0,N/A,0.0,1.7308035938059623,0.9523413702007129,3.5663522657996536
6,600,"BVAR-RW (tau=0.50, p_max)",N/A,12.0,N/A,0.0,2.426711506506149,1.6510388970647567,3.7186416969296756
6,600,"Joint (p, tau) Grid BMA",N/A,5.97,N/A,0.0,1.1727538085281128,0.9021135466195942,1.552047040443433
6,600,"Geom (p, tau) Grid BMA (th=0.5)",N/A,5.64,N/A,0.0,0.7428359327064403,0.45339631471661895,1.3125107925259079
6,600,"BVAR-WN (MDD tau, p_max)",N/A,12.0,0.2,0.0,1.3351382703994616,0.6398393808719688,3.5762820766467667
6,600,"BVAR-WN (tau=0.05, p0)",N/A,12.0,N/A,0.0,2.1880492982731155,1.9292701808424457,2.491135035735324
6,600,"BVAR-WN (tau=0.20, p0)",N/A,12.0,N/A,0.0,1.5317502312635032,1.1590889275538654,2.0658226992890296
6,600,"BVAR-WN (tau=0.35, p0)",N/A,12.0,N/A,0.0,0.6999694365483411,0.5340883257732205,0.9350208640780325
6,600,"BVAR-WN (tau=0.50, p0)",N/A,12.0,N/A,0.0,1.2689080444553347,1.0123665909149513,1.6112336168570194
6,600,"BVAR-WN (tau=0.65, p0)",N/A,12.0,N/A,0.0,1.7192593255078132,1.5356716500359053,1.93075526028575
6,600,"BVAR-WN (tau=0.80, p0)",N/A,12.0,N/A,0.0,3.118335220438917,2.291745154747286,4.351636265150184
6,600,"BVAR-WN (tau=0.95, p0)",N/A,12.0,N/A,0.0,0.6642061742279143,0.3807491314971745,1.284479372586819
6,600,"BVAR-WN (MDD tau, p0)",N/A,12.0,0.2,0.0,1.5317502312635032,1.1590889275538654,2.0658226992890296
8,240,AIC,50.0,7.5,N/A,0.0,0.6338431470083479,0.43166927825897383,0.9700878567504722
8,240,SIC (BIC),0.0,1.5,N/A,0.0,1.067511609328435,0.7937123364256299,1.4695026604340686
8,240,HQC,0.0,2.0,N/A,0.0,0.942931212808994,0.6358282464959762,1.4611929714904026
8,240,OLS BMA (BIC-W),N/A,1.5,N/A,0.0,0.7389780466484311,0.7106891494044801,0.7686703783534546
8,240,"OLS BMA (Geom-W, th=0.5)",N/A,1.5,N/A,0.0,0.7645313107492989,0.7068737769714036,0.8281111758047447
8,240,"BVAR-WN (tau=0.05, p_max)",N/A,12.0,N/A,0.0,0.2670470792899468,0.23769485534325466,0.3010130335993579
8,240,"BVAR-WN (tau=0.20, p_max)",N/A,12.0,N/A,0.0,0.923788760940644,0.8083320523024049,1.0603439824120213
8,240,"BVAR-WN (tau=0.35, p_max)",N/A,12.0,N/A,0.0,0.73836968665071,0.39993755387485774,1.5607745285866619
8,240,"BVAR-WN (tau=0.50, p_max)",N/A,12.0,N/A,0.0,1.3539222504735633,1.0250987855412625,1.8248086241300234
8,240,"BVAR-WN (tau=0.65, p_max)",N/A,12.0,N/A,0.0,0.7119204216417441,0.47054670168067264,1.131564586148905
8,240,"BVAR-WN (tau=0.80, p_max)",N/A,12.0,N/A,0.0,0.971578126623373,0.9203990095367648,1.0263178677984128
8,240,"BVAR-WN (tau=0.95, p_max)",N/A,12.0,N/A,0.0,0.7777274113507402,0.36282855611771947,2.2313736703114513
8,240,"BVAR-RW (tau=0.20, p_max)",N/A,12.0,N/A,0.0,1.294215218874795,1.2614353787313,1.3280531925594437
8,240,"BVAR-RW (tau=0.50, p_max)",N/A,12.0,N/A,0.0,0.9093229789669661,0.5174099933537757,1.7782720145508741
8,240,"Joint (p, tau) Grid BMA",N/A,7.67,N/A,0.0,0.6901905475813546,0.30501774826343625,2.4294735096136115
8,240,"Geom (p, tau) Grid BMA (th=0.5)",N/A,5.69,N/A,0.0,0.3098314908233755,0.18964034217870943,0.5453170352190322
8,240,"BVAR-WN (MDD tau, p_max)",N/A,12.0,0.2,0.0,0.923788760940644,0.8083320523024049,1.0603439824120213
8,240,"BVAR-WN (tau=0.05, p0)",N/A,12.0,N/A,0.0,1.4682627214232211,0.964394409677547,2.352563755618514
8,240,"BVAR-WN (tau=0.20, p0)",N/A,12.0,N/A,0.0,0.4667933681809032,0.4024701983239009,0.5443288817913795
8,240,"BVAR-WN (tau=0.35, p0)",N/A,12.0,N/A,0.0,1.341878520738578,0.8875607151641921,2.1308852115123025
8,240,"BVAR-WN (tau=0.50, p0)",N/A,12.0,N/A,0.0,0.6440926187590418,0.2854303441179463,2.2315983069638636
8,240,"BVAR-WN (tau=0.65, p0)",N/A,12.0,N/A,0.0,1.564205348553242,0.9972853592156086,2.605475633806849
8,240,"BVAR-WN (tau=0.80, p0)",N/A,12.0,N/A,0.0,0.7233297447354352,0.3375127488155276,2.074244968409355
8,240,"BVAR-WN (tau=0.95, p0)",N/A,12.0,N/A,0.0,0.5341300027502984,0.2869837478738136,1.1443037030652592
8,240,"BVAR-WN (MDD tau, p0)",N/A,12.0,0.2,0.0,0.4667933681809032,0.4024701983239009,0.5443288817913795
8,300,AIC,50.0,5.0,N/A,0.0,0.6948088023209811,0.5086213081935811,0.974137963589134
8,300,SIC (BIC),0.0,2.0,N/A,0.0,4.299568455377062,2.373270076533955,36.40246456205624
8,300,HQC,0.0,2.0,N/A,0.0,4.299568455377062,2.373270076533955,36.40246456205624
8,300,OLS BMA (BIC-W),N/A,2.0,N/A,0.0,3.2905227000011465,1.467733750501028,11.03138350743631
8,300,"OLS BMA (Geom-W, th=0.5)",N/A,2.0,N/A,0.0,7.080098689632065,3.102040743788108,26.579614715523867
8,300,"BVAR-WN (tau=0.05, p_max)",N/A,12.0,N/A,0.0,8.912411106852197,3.9029253774204413,33.62410747110796
8,300,"BVAR-WN (tau=0.20, p_max)",N/A,12.0,N/A,0.0,1.3900784992693378,0.6059409897957788,5.8188146129295575
8,300,"BVAR-WN (tau=0.35, p_max)",N/A,12.0,N/A,0.0,2.0319948581055054,1.037235803856102,4.767461530709087
8,300,"BVAR-WN (tau=0.50, p_max)",N/A,12.0,N/A,0.0,2.969718138725758,1.413256092712162,18.835963090637893
8,300,"BVAR-WN (tau=0.65, p_max)",N/A,12.0,N/A,0.0,1.750673495061204,0.8007356060925611,9.926371945756786
8,300,"BVAR-WN (tau=0.80, p_max)",N/A,12.0,N/A,0.0,1.4315932163042875,0.6425241166094601,4.670454382019753
8,300,"BVAR-WN (tau=0.95, p_max)",N/A,12.0,N/A,0.0,1.5457289545894677,0.6798630025846002,5.6160535553739415
8,300,"BVAR-RW (tau=0.20, p_max)",N/A,12.0,N/A,0.0,3.7123622674754997,1.8247678587010827,9.393525285424237
8,300,"BVAR-RW (tau=0.50, p_max)",N/A,12.0,N/A,0.0,7.1867993838115725,3.1755817933981234,35.181585040027166
8,300,"Joint (p, tau) Grid BMA",N/A,5.48,N/A,0.0,1.9804637849621662,1.1864657494516808,3.591766897941594
8,300,"Geom (p, tau) Grid BMA (th=0.5)",N/A,3.12,N/A,0.0,2.4355727017773328,1.1104987418953443,13.665183877770076
8,300,"BVAR-WN (MDD tau, p_max)",N/A,12.0,0.2,0.0,1.3900784992693378,0.6059409897957788,5.8188146129295575
8,300,"BVAR-WN (tau=0.05, p0)",N/A,12.0,N/A,0.0,2.364859253497533,2.268235861771228,40.7492460942
8,300,"BVAR-WN (tau=0.20, p0)",N/A,12.0,N/A,0.0,4.814563017509147,2.122600491451884,17.206358316239008
8,300,"BVAR-WN (tau=0.35, p0)",N/A,12.0,N/A,0.0,3.278870336673776,1.9771293493143927,31.77718510641035
8,300,"BVAR-WN (tau=0.50, p0)",N/A,12.0,N/A,0.0,4.795432258134484,2.142350785161503,15.96117624024766
8,300,"BVAR-WN (tau=0.65, p0)",N/A,12.0,N/A,0.0,4.514435422134701,2.0717218651354217,25.874117333630437
8,300,"BVAR-WN (tau=0.80, p0)",N/A,12.0,N/A,0.0,3.089309541409829,1.4360492274157202,8.95376313512875
8,300,"BVAR-WN (tau=0.95, p0)",N/A,12.0,N/A,0.0,2.0029937945476264,1.0031836959150384,4.876025855967979
8,300,"BVAR-WN (MDD tau, p0)",N/A,12.0,0.2,0.0,4.814563017509147,2.122600491451884,17.206358316239008
8,360,AIC,100.0,8.0,N/A,0.0,0.9999999999999999,0.9999999999999998,1.0
8,360,SIC (BIC),0.0,2.0,N/A,0.0,0.9171029167578943,0.705526532919839,1.2135822270965797
8,360,HQC,0.0,2.5,N/A,50.0,1.241807543439732,1.241807543439732,1.241807543439732
8,360,OLS BMA (BIC-W),N/A,2.0,N/A,0.0,1.9761132993581245,1.5509311917554245,2.5560569538039424
8,360,"OLS BMA (Geom-W, th=0.5)",N/A,2.0,N/A,0.0,0.7077657452257324,0.3088919138996032,3.0884683375417343
8,360,"BVAR-WN (tau=0.05, p_max)",N/A,12.0,N/A,0.0,0.847607536422326,0.37226263490039335,3.977957583505925
8,360,"BVAR-WN (tau=0.20, p_max)",N/A,12.0,N/A,0.0,0.5904400561814841,0.5653003616263003,0.6169747481117147
8,360,"BVAR-WN (tau=0.35, p_max)",N/A,12.0,N/A,0.0,0.9765906872971974,0.43186218773113205,4.8035138921200815
8,360,"BVAR-WN (tau=0.50, p_max)",N/A,12.0,N/A,0.0,1.6180773751550839,0.7292177919861352,5.192068615804647
8,360,"BVAR-WN (tau=0.65, p_max)",N/A,12.0,N/A,0.0,0.22474080580278089,0.11119410420595978,0.5608852810005577
8,360,"BVAR-WN (tau=0.80, p_max)",N/A,12.0,N/A,0.0,1.112136253557233,0.6551743812805317,2.0659580541406335
8,360,"BVAR-WN (tau=0.95, p_max)",N/A,12.0,N/A,0.0,1.021005556169654,0.47487664855624356,2.954452989341862
8,360,"BVAR-RW (tau=0.20, p_max)",N/A,12.0,N/A,0.0,0.5896330487351916,0.3731686632119318,0.9918033709944013
8,360,"BVAR-RW (tau=0.50, p_max)",N/A,12.0,N/A,0.0,1.6820934235875848,0.8698157815778963,3.8528380126221693
8,360,"Joint (p, tau) Grid BMA",N/A,8.63,N/A,0.0,1.209068141202622,0.5634407310689371,3.4795452352717984
8,360,"Geom (p, tau) Grid BMA (th=0.5)",N/A,7.76,N/A,0.0,0.3743733806171993,0.1843374508672412,0.9438153022379936
8,360,"BVAR-WN (MDD tau, p_max)",N/A,12.0,0.2,0.0,0.5904400561814841,0.5653003616263003,0.6169747481117147
8,360,"BVAR-WN (tau=0.05, p0)",N/A,12.0,N/A,0.0,1.3664886403788978,0.6053820796859295,4.742231808511898
8,360,"BVAR-WN (tau=0.20, p0)",N/A,12.0,N/A,0.0,2.466724632392366,1.385202178070486,4.922323765807257
8,360,"BVAR-WN (tau=0.35, p0)",N/A,12.0,N/A,0.0,0.5079934841207657,0.24696053211081864,3.388622487666134
8,360,"BVAR-WN (tau=0.50, p0)",N/A,12.0,N/A,0.0,1.8336422707336413,1.4455782784158722,2.35978610093538
8,360,"BVAR-WN (tau=0.65, p0)",N/A,12.0,N/A,0.0,0.5688830303587732,0.4650191429586237,0.7030929449405644
8,360,"BVAR-WN (tau=0.80, p0)",N/A,12.0,N/A,0.0,0.7181362620442387,0.3195443338760266,3.6523055194599623
8,360,"BVAR-WN (tau=0.95, p0)",N/A,12.0,N/A,0.0,0.44228409845659783,0.24021530738099522,0.9307346641378995
8,360,"BVAR-WN (MDD tau, p0)",N/A,12.0,0.2,0.0,2.466724632392366,1.385202178070486,4.922323765807257
8,480,AIC,100.0,8.0,N/A,0.0,0.9999999999999998,0.9999999999999997,1.0
8,480,SIC (BIC),0.0,2.0,N/A,0.0,2.663440235898268,1.2507563334054614,7.506549932788792
8,480,HQC,0.0,2.0,N/A,0.0,2.663440235898268,1.2507563334054614,7.506549932788792
8,480,OLS BMA (BIC-W),N/A,2.0,N/A,0.0,2.7010765430289774,1.2759278248812924,7.496505809581238
8,480,"OLS BMA (Geom-W, th=0.5)",N/A,2.0,N/A,0.0,1.9395390817574798,0.8986588251648833,5.674255304530381
8,480,"BVAR-WN (tau=0.05, p_max)",N/A,12.0,N/A,0.0,1.6097127987867834,0.719344872835192,5.350784125235197
8,480,"BVAR-WN (tau=0.20, p_max)",N/A,12.0,N/A,0.0,2.0213110907780245,0.9029086596996784,6.731418112824979
8,480,"BVAR-WN (tau=0.35, p_max)",N/A,12.0,N/A,0.0,1.8612272199323368,0.9116566501797695,4.745155198521289
8,480,"BVAR-WN (tau=0.50, p_max)",N/A,12.0,N/A,0.0,1.351083574787078,0.5904407162514493,5.224004398468045
8,480,"BVAR-WN (tau=0.65, p_max)",N/A,12.0,N/A,0.0,1.3267376897503846,0.5914738113551534,4.459026806879804
8,480,"BVAR-WN (tau=0.80, p_max)",N/A,12.0,N/A,0.0,1.1196840550464957,0.841761869864002,1.521561501829696
8,480,"BVAR-WN (tau=0.95, p_max)",N/A,12.0,N/A,0.0,2.1396089608429922,1.1341638010157105,4.690231092308204
8,480,"BVAR-RW (tau=0.20, p_max)",N/A,12.0,N/A,0.0,0.5912127409575516,0.257991786889731,2.5731915728355097
8,480,"BVAR-RW (tau=0.50, p_max)",N/A,12.0,N/A,0.0,1.679130901469513,0.7352046836438078,6.345755047484485
8,480,"Joint (p, tau) Grid BMA",N/A,9.56,N/A,0.0,2.452815842365622,1.1937571750106608,6.341607047797282
8,480,"Geom (p, tau) Grid BMA (th=0.5)",N/A,7.67,N/A,0.0,0.9604236202867469,0.8107759418450653,1.145811014120346
8,480,"BVAR-WN (MDD tau, p_max)",N/A,12.0,0.2,0.0,2.0213110907780245,0.9029086596996784,6.731418112824979
8,480,"BVAR-WN (tau=0.05, p0)",N/A,12.0,N/A,0.0,1.1239093049040942,1.0375311327328032,1.2193471770169004
8,480,"BVAR-WN (tau=0.20, p0)",N/A,12.0,N/A,0.0,0.8483433419986595,0.72032802977442,1.0057410018603303
8,480,"BVAR-WN (tau=0.35, p0)",N/A,12.0,N/A,0.0,0.7513955100153189,0.3603298610447698,4.855704640663808
8,480,"BVAR-WN (tau=0.50, p0)",N/A,12.0,N/A,0.0,1.8431260721050806,0.8088742627466821,6.815571092396864
8,480,"BVAR-WN (tau=0.65, p0)",N/A,12.0,N/A,0.0,2.052052283650394,0.9406174793784728,6.203684042066058
8,480,"BVAR-WN (tau=0.80, p0)",N/A,12.0,N/A,0.0,1.7306978014250496,0.9517312856305621,3.569448325460708
8,480,"BVAR-WN (tau=0.95, p0)",N/A,12.0,N/A,0.0,0.40775421773566983,0.17773638464860944,1.6894187593746817
8,480,"BVAR-WN (MDD tau, p0)",N/A,12.0,0.2,0.0,0.8483433419986595,0.72032802977442,1.0057410018603303
8,600,AIC,100.0,8.0,N/A,0.0,0.9999999999999993,0.9999999999999989,0.9999999999999998
8,600,SIC (BIC),0.0,2.0,N/A,0.0,1.5683159073664832,0.7991353266788829,3.6919179417059707
8,600,HQC,50.0,5.0,N/A,0.0,0.7990151321468196,0.6565039223296202,0.981921259069979
8,600,OLS BMA (BIC-W),N/A,2.0,N/A,0.0,6.406746371003151,3.1618520449888248,16.07387159859016
8,600,"OLS BMA (Geom-W, th=0.5)",N/A,2.0,N/A,0.0,1.8547358058430679,1.0362596261024337,16.01303335612697
8,600,"BVAR-WN (tau=0.05, p_max)",N/A,12.0,N/A,0.0,6.511165448917672,3.2869488673317515,15.60524015050649
8,600,"BVAR-WN (tau=0.20, p_max)",N/A,12.0,N/A,0.0,4.180561905713807,1.8256343140055593,16.341225871897972
8,600,"BVAR-WN (tau=0.35, p_max)",N/A,12.0,N/A,0.0,1.1048889670231528,0.6378626671679019,2.1142533264144934
8,600,"BVAR-WN (tau=0.50, p_max)",N/A,12.0,N/A,0.0,4.779878052227481,2.3210629567215117,12.420388083708088
8,600,"BVAR-WN (tau=0.65, p_max)",N/A,12.0,N/A,0.0,0.642990573279872,0.28381407730560754,3.1271056056572863
8,600,"BVAR-WN (tau=0.80, p_max)",N/A,12.0,N/A,0.0,3.9251682624521864,1.9003141543489077,10.26856997044874
8,600,"BVAR-WN (tau=0.95, p_max)",N/A,12.0,N/A,0.0,5.541224833067134,2.522749081596478,17.133735790066382
8,600,"BVAR-RW (tau=0.20, p_max)",N/A,12.0,N/A,0.0,6.510637697395921,2.8662683799378987,23.495451419040062
8,600,"BVAR-RW (tau=0.50, p_max)",N/A,12.0,N/A,0.0,1.5567722327222504,1.1827447408721254,20.444518538720313
8,600,"Joint (p, tau) Grid BMA",N/A,8.3,N/A,0.0,2.94912684736353,1.8355282562812238,5.073243132727499
8,600,"Geom (p, tau) Grid BMA (th=0.5)",N/A,8.17,N/A,0.0,1.3678936106154,1.2580341547020943,1.489851691049021
8,600,"BVAR-WN (MDD tau, p_max)",N/A,12.0,0.35,0.0,1.1048889670231528,0.6378626671679019,2.1142533264144934
8,600,"BVAR-WN (tau=0.05, p0)",N/A,12.0,N/A,0.0,4.486812623989953,2.0424792944180927,13.878766308191675
8,600,"BVAR-WN (tau=0.20, p0)",N/A,12.0,N/A,0.0,6.267604616772475,2.8459958666844556,19.556940433037003
8,600,"BVAR-WN (tau=0.35, p0)",N/A,12.0,N/A,0.0,1.2877148180614817,0.6216931271260365,8.454641369863266
8,600,"BVAR-WN (tau=0.50, p0)",N/A,12.0,N/A,0.0,6.360844504053486,2.9069498964281357,19.4178543509156
8,600,"BVAR-WN (tau=0.65, p0)",N/A,12.0,N/A,0.0,1.0598565037451422,0.920065509364481,1.226886907139328
8,600,"BVAR-WN (tau=0.80, p0)",N/A,12.0,N/A,0.0,1.6860866937075862,1.3302687161177325,2.168016502405241
8,600,"BVAR-WN (tau=0.95, p0)",N/A,12.0,N/A,0.0,3.2863632203410766,1.4666907781680818,10.989121737926638
8,600,"BVAR-WN (MDD tau, p0)",N/A,12.0,0.35,0.0,1.2877148180614817,0.6216931271260365,8.454641369863266
10,240,AIC,0.0,4.5,N/A,0.0,0.36917100815865195,0.20333262813108927,0.7594664300569742
10,240,SIC (BIC),0.0,2.0,N/A,0.0,0.3583783059880219,0.2010557807393766,0.716206329614434
10,240,HQC,0.0,2.0,N/A,0.0,0.3583783059880219,0.2010557807393766,0.716206329614434
10,240,OLS BMA (BIC-W),N/A,2.0,N/A,0.0,2.672698278520243,1.4619550773180339,5.559671429205532
10,240,"OLS BMA (Geom-W, th=0.5)",N/A,2.0,N/A,0.0,0.8758125239244148,0.7172168912906296,1.080253904797491
10,240,"BVAR-WN (tau=0.05, p_max)",N/A,12.0,N/A,0.0,2.2641565051592747,1.3158499506668095,4.290134435408564
10,240,"BVAR-WN (tau=0.20, p_max)",N/A,12.0,N/A,0.0,1.7077934536623667,0.8812687326713287,3.926632145854032
10,240,"BVAR-WN (tau=0.35, p_max)",N/A,12.0,N/A,0.0,0.6136030654837914,0.2781234226625578,1.9270039557906238
10,240,"BVAR-WN (tau=0.50, p_max)",N/A,12.0,N/A,0.0,1.6672442058903636,0.8934341086052684,3.5877273929184743
10,240,"BVAR-WN (tau=0.65, p_max)",N/A,12.0,N/A,0.0,1.6522008133016086,0.8645670549483923,3.7043857066607253
10,240,"BVAR-WN (tau=0.80, p_max)",N/A,12.0,N/A,0.0,0.7989256243149697,0.773987974349027,0.8248628592011849
10,240,"BVAR-WN (tau=0.95, p_max)",N/A,12.0,N/A,0.0,0.6883008189321245,0.3210297032302986,1.976152811190089
10,240,"BVAR-RW (tau=0.20, p_max)",N/A,12.0,N/A,0.0,2.416720227940075,1.2806722405873983,5.300413521450544
10,240,"BVAR-RW (tau=0.50, p_max)",N/A,12.0,N/A,0.0,1.426086290166415,0.6873377818296298,3.7691468382703595
10,240,"Joint (p, tau) Grid BMA",N/A,10.37,N/A,0.0,0.5390335254795111,0.2377782658537462,1.9193098819152201
10,240,"Geom (p, tau) Grid BMA (th=0.5)",N/A,7.13,N/A,0.0,1.5936097137688832,0.7647109275809714,4.25536690701081
10,240,"BVAR-WN (MDD tau, p_max)",N/A,12.0,0.2,0.0,1.7077934536623667,0.8812687326713287,3.926632145854032
10,240,"BVAR-WN (tau=0.05, p0)",N/A,12.0,N/A,0.0,0.8860639599757368,0.3912839478717294,4.321574755613243
10,240,"BVAR-WN (tau=0.20, p0)",N/A,12.0,N/A,0.0,0.5673655403469134,0.2669417083871588,3.4948844705125746
10,240,"BVAR-WN (tau=0.35, p0)",N/A,12.0,N/A,0.0,0.9231015061189095,0.40243461742625397,3.765728096926905
10,240,"BVAR-WN (tau=0.50, p0)",N/A,12.0,N/A,0.0,0.45239499267631134,0.26503362821152193,0.8471976725392175
10,240,"BVAR-WN (tau=0.65, p0)",N/A,12.0,N/A,0.0,0.9127891059061958,0.4100507740000061,2.9666724939911284
10,240,"BVAR-WN (tau=0.80, p0)",N/A,12.0,N/A,0.0,1.0490110587665251,0.5315800066009536,2.495657096656176
10,240,"BVAR-WN (tau=0.95, p0)",N/A,12.0,N/A,0.0,1.7691153473551102,0.8379601444468425,4.876213442239412
10,240,"BVAR-WN (MDD tau, p0)",N/A,12.0,0.2,0.0,0.5673655403469134,0.2669417083871588,3.4948844705125746
10,300,AIC,50.0,9.5,N/A,0.0,0.3314497002054512,0.15436595857796934,0.9554929451883141
10,300,SIC (BIC),0.0,2.0,N/A,0.0,0.689377929877679,0.4480076883793791,1.1198767366313531
10,300,HQC,0.0,2.0,N/A,0.0,0.689377929877679,0.4480076883793791,1.1198767366313531
10,300,OLS BMA (BIC-W),N/A,2.0,N/A,0.0,0.6382930981512845,0.622544120443321,0.6545369044056701
10,300,"OLS BMA (Geom-W, th=0.5)",N/A,2.0,N/A,0.0,0.6141515561295773,0.2680065760700249,2.432193290617825
10,300,"BVAR-WN (tau=0.05, p_max)",N/A,12.0,N/A,0.0,0.6205092905065979,0.592975235783682,0.6496393871795256
10,300,"BVAR-WN (tau=0.20, p_max)",N/A,12.0,N/A,0.0,0.507645114219523,0.43631343297387115,0.5939797009807019
10,300,"BVAR-WN (tau=0.35, p_max)",N/A,12.0,N/A,0.0,0.4419138313297093,0.4227186320965419,0.462196872456258
10,300,"BVAR-WN (tau=0.50, p_max)",N/A,12.0,N/A,0.0,1.163799149868983,0.6993408948965109,2.1016058833759943
10,300,"BVAR-WN (tau=0.65, p_max)",N/A,12.0,N/A,0.0,0.3010017351447764,0.26917781953635284,0.33760823522671696
10,300,"BVAR-WN (tau=0.80, p_max)",N/A,12.0,N/A,0.0,0.5650438654072949,0.25591577068453664,1.77948181055626
10,300,"BVAR-WN (tau=0.95, p_max)",N/A,12.0,N/A,0.0,0.4265043680939267,0.2657800487955909,0.7324806953060715
10,300,"BVAR-RW (tau=0.20, p_max)",N/A,12.0,N/A,0.0,0.21179647930975057,0.21170933073021792,0.2118836721825334
10,300,"BVAR-RW (tau=0.50, p_max)",N/A,12.0,N/A,0.0,0.4602383779907038,0.2740864335371523,0.8417693349019142
10,300,"Joint (p, tau) Grid BMA",N/A,10.87,N/A,0.0,0.1587246690075414,0.14076121114445367,0.1796092918919521
10,300,"Geom (p, tau) Grid BMA (th=0.5)",N/A,8.04,N/A,0.0,0.887800500141887,0.4586015082077272,2.037422957015846
10,300,"BVAR-WN (MDD tau, p_max)",N/A,12.0,0.2,0.0,0.507645114219523,0.43631343297387115,0.5939797009807019
10,300,"BVAR-WN (tau=0.05, p0)",N/A,12.0,N/A,0.0,0.43819369699337546,0.22586587570601413,1.0095979593156188
10,300,"BVAR-WN (tau=0.20, p0)",N/A,12.0,N/A,0.0,1.0575753608531595,0.5321434434761527,2.5509309844367594
10,300,"BVAR-WN (tau=0.35, p0)",N/A,12.0,N/A,0.0,0.5880056604895469,0.40202432164311414,0.8955530813599143
10,300,"BVAR-WN (tau=0.50, p0)",N/A,12.0,N/A,0.0,0.24827780268639205,0.21333109995237268,0.29059006493921863
10,300,"BVAR-WN (tau=0.65, p0)",N/A,12.0,N/A,0.0,0.519585469042076,0.4237165142799511,0.6438522589481865
10,300,"BVAR-WN (tau=0.80, p0)",N/A,12.0,N/A,0.0,0.43313508895293956,0.24260791307807023,0.8677525212551128
10,300,"BVAR-WN (tau=0.95, p0)",N/A,12.0,N/A,0.0,0.8539726265078802,0.43045229992064793,2.0527298520036505
10,300,"BVAR-WN (MDD tau, p0)",N/A,12.0,0.2,0.0,1.0575753608531595,0.5321434434761527,2.5509309844367594
10,360,AIC,0.0,7.0,N/A,0.0,2.0335781937330566,0.986402151147556,5.29722773946306
10,360,SIC (BIC),0.0,2.0,N/A,0.0,0.7203207641023812,0.3158903821214808,2.6806899519416407
10,360,HQC,0.0,2.0,N/A,0.0,0.7203207641023812,0.3158903821214808,2.6806899519416407
10,360,OLS BMA (BIC-W),N/A,2.0,N/A,0.0,1.0609178296681498,1.0571232720875468,1.0647292170067577
10,360,"OLS BMA (Geom-W, th=0.5)",N/A,2.0,N/A,0.0,0.5737664739710902,0.42361887997895165,0.7963660897445086
10,360,"BVAR-WN (tau=0.05, p_max)",N/A,12.0,N/A,0.0,0.8537559395824685,0.38183431403344054,2.827676798476196
10,360,"BVAR-WN (tau=0.20, p_max)",N/A,12.0,N/A,0.0,1.9048132587940236,1.1703276997237697,3.3350606714110875
10,360,"BVAR-WN (tau=0.35, p_max)",N/A,12.0,N/A,0.0,1.7602208558643682,0.9015562059388039,4.103623840803219
10,360,"BVAR-WN (tau=0.50, p_max)",N/A,12.0,N/A,0.0,0.8957210443789095,0.4121926247647206,5.178590835245153
10,360,"BVAR-WN (tau=0.65, p_max)",N/A,12.0,N/A,0.0,1.0218487841668278,0.45405434938805583,3.490268963076841
10,360,"BVAR-WN (tau=0.80, p_max)",N/A,12.0,N/A,0.0,1.3152138030088945,0.6388883905750937,3.414761306231334
10,360,"BVAR-WN (tau=0.95, p_max)",N/A,12.0,N/A,0.0,1.763101334898473,1.1653319161173836,2.802359083747269
10,360,"BVAR-RW (tau=0.20, p_max)",N/A,12.0,N/A,0.0,1.3486651423401173,1.1952120096099903,1.5272286874596357
10,360,"BVAR-RW (tau=0.50, p_max)",N/A,12.0,N/A,0.0,2.208881296898782,1.1812011251800836,4.7701383827274855
10,360,"Joint (p, tau) Grid BMA",N/A,9.51,N/A,0.0,2.3099688156618465,1.2249969944902996,5.059913849170648
10,360,"Geom (p, tau) Grid BMA (th=0.5)",N/A,8.83,N/A,0.0,1.0146693243319436,0.880441064592431,1.1751461851154388
10,360,"BVAR-WN (MDD tau, p_max)",N/A,12.0,0.2,0.0,1.9048132587940236,1.1703276997237697,3.3350606714110875
10,360,"BVAR-WN (tau=0.05, p0)",N/A,12.0,N/A,0.0,0.27729805761071225,0.24908395639651282,0.3095693290814094
10,360,"BVAR-WN (tau=0.20, p0)",N/A,12.0,N/A,0.0,0.8867348435346787,0.6334378183734539,1.2800235332434517
10,360,"BVAR-WN (tau=0.35, p0)",N/A,12.0,N/A,0.0,0.5333450977954154,0.5221407080173361,0.5448478265582786
10,360,"BVAR-WN (tau=0.50, p0)",N/A,12.0,N/A,0.0,0.5392630368934412,0.3087238710086425,1.0449017044851976
10,360,"BVAR-WN (tau=0.65, p0)",N/A,12.0,N/A,0.0,2.4887396229664676,1.3395118220790037,5.3162907398786
10,360,"BVAR-WN (tau=0.80, p0)",N/A,12.0,N/A,0.0,0.7274020355123243,0.33292401904032676,2.20974828816664
10,360,"BVAR-WN (tau=0.95, p0)",N/A,12.0,N/A,0.0,0.3167391915408627,0.13989985412272105,1.1186871331292305
10,360,"BVAR-WN (MDD tau, p0)",N/A,12.0,0.2,0.0,0.8867348435346787,0.6334378183734539,1.2800235332434517
10,480,AIC,0.0,8.0,N/A,0.0,0.26027685927689626,0.12891003641466478,0.6481716810413544
10,480,SIC (BIC),0.0,2.0,N/A,0.0,1.050340883735036,1.0211331820606901,1.0805870151291428
10,480,HQC,0.0,2.0,N/A,0.0,1.050340883735036,1.0211331820606901,1.0805870151291428
10,480,OLS BMA (BIC-W),N/A,2.0,N/A,0.0,1.5670449978020546,1.457491519014825,1.6869515917897495
10,480,"OLS BMA (Geom-W, th=0.5)",N/A,2.0,N/A,0.0,0.9106412556296644,0.6437888056678267,1.33113993698822
10,480,"BVAR-WN (tau=0.05, p_max)",N/A,12.0,N/A,0.0,0.4473668993264722,0.44225147957631017,0.45255556650704337
10,480,"BVAR-WN (tau=0.20, p_max)",N/A,12.0,N/A,0.0,0.5004663608756025,0.2459032242029755,1.2673931262945557
10,480,"BVAR-WN (tau=0.35, p_max)",N/A,12.0,N/A,0.0,0.5533077585551485,0.43442984035490323,0.7153696459574184
10,480,"BVAR-WN (tau=0.50, p_max)",N/A,12.0,N/A,0.0,0.21789157546557686,0.09719735637963561,0.7302269983509377
10,480,"BVAR-WN (tau=0.65, p_max)",N/A,12.0,N/A,0.0,0.8640685267805078,0.6245400538387519,1.2298685371999594
10,480,"BVAR-WN (tau=0.80, p_max)",N/A,12.0,N/A,0.0,0.35396388338020174,0.16797529830725766,0.9710218987498841
10,480,"BVAR-WN (tau=0.95, p_max)",N/A,12.0,N/A,0.0,0.16171722775313413,0.15483351851671373,0.1689828033286135
10,480,"BVAR-RW (tau=0.20, p_max)",N/A,12.0,N/A,0.0,0.32366243337440354,0.16923025213683443,0.7267198463604676
10,480,"BVAR-RW (tau=0.50, p_max)",N/A,12.0,N/A,0.0,0.42559719715330746,0.19547787366025293,1.2784686089334112
10,480,"Joint (p, tau) Grid BMA",N/A,10.33,N/A,0.0,0.5607128834262594,0.5028297869824889,0.6270590201349221
10,480,"Geom (p, tau) Grid BMA (th=0.5)",N/A,9.53,N/A,0.0,0.17964521550301485,0.10909455469731506,0.3196516428914092
10,480,"BVAR-WN (MDD tau, p_max)",N/A,12.0,0.2,0.0,0.5004663608756025,0.2459032242029755,1.2673931262945557
10,480,"BVAR-WN (tau=0.05, p0)",N/A,12.0,N/A,0.0,0.754848671913814,0.5192121861313044,1.141106611541808
10,480,"BVAR-WN (tau=0.20, p0)",N/A,12.0,N/A,0.0,0.3438088603238119,0.31566097627518575,0.37512359075403273
10,480,"BVAR-WN (tau=0.35, p0)",N/A,12.0,N/A,0.0,0.2654013791312108,0.20986366957179112,0.340397648762187
10,480,"BVAR-WN (tau=0.50, p0)",N/A,12.0,N/A,0.0,0.6556110182801899,0.3619513470502591,1.3436704298831865
10,480,"BVAR-WN (tau=0.65, p0)",N/A,12.0,N/A,0.0,1.3129184575679547,1.2104412462059417,1.4263294903560149
10,480,"BVAR-WN (tau=0.80, p0)",N/A,12.0,N/A,0.0,0.5911413983447126,0.3145309712298928,1.2875202165562254
10,480,"BVAR-WN (tau=0.95, p0)",N/A,12.0,N/A,0.0,0.5794603106479737,0.3069436279696392,1.2717791754313041
10,480,"BVAR-WN (MDD tau, p0)",N/A,12.0,0.35,0.0,0.2654013791312108,0.20986366957179112,0.340397648762187
10,600,AIC,50.0,9.0,N/A,0.0,2.2936238004855136,1.2130355069076806,5.047674631245932
10,600,SIC (BIC),0.0,2.0,N/A,0.0,0.8986208440485459,0.5674928310404941,1.5159089805065833
10,600,HQC,0.0,8.0,N/A,0.0,1.43725493409495,0.6360681596799218,5.01730792876026
10,600,OLS BMA (BIC-W),N/A,2.01,N/A,0.0,2.1059836556852263,1.5095951203704918,3.0274858120755432
10,600,"OLS BMA (Geom-W, th=0.5)",N/A,2.0,N/A,0.0,1.9767279659521146,1.269265287166808,3.2619776718750173
10,600,"BVAR-WN (tau=0.05, p_max)",N/A,12.0,N/A,0.0,1.133865013252607,0.49453605122017025,4.5491007806877475
10,600,"BVAR-WN (tau=0.20, p_max)",N/A,12.0,N/A,0.0,1.5389571423956534,1.1821064113068043,2.0400475370803774
10,600,"BVAR-WN (tau=0.35, p_max)",N/A,12.0,N/A,0.0,0.826579132121107,0.3669330299610757,2.8374181325910595
10,600,"BVAR-WN (tau=0.50, p_max)",N/A,12.0,N/A,0.0,2.073597220037381,1.0704385620587487,4.764397313937814
10,600,"BVAR-WN (tau=0.65, p_max)",N/A,12.0,N/A,0.0,2.5092519709050465,1.4851840212478906,4.629914725159796
10,600,"BVAR-WN (tau=0.80, p_max)",N/A,12.0,N/A,0.0,1.1167741066192742,1.0914277382140078,1.14285117798629
10,600,"BVAR-WN (tau=0.95, p_max)",N/A,12.0,N/A,0.0,1.3128669831309032,0.5781935881732507,4.725682126852419
10,600,"BVAR-RW (tau=0.20, p_max)",N/A,12.0,N/A,0.0,0.5938652345720131,0.31207313890093963,1.3216242788049277
10,600,"BVAR-RW (tau=0.50, p_max)",N/A,12.0,N/A,0.0,1.7955740927658435,0.9355728649121452,4.056708513252596
10,600,"Joint (p, tau) Grid BMA",N/A,10.97,N/A,0.0,1.0085638784532462,0.44266171966627477,3.7263860177243027
10,600,"Geom (p, tau) Grid BMA (th=0.5)",N/A,10.68,N/A,0.0,0.815024229315431,0.36443033396736835,2.7020785088580777
10,600,"BVAR-WN (MDD tau, p_max)",N/A,12.0,0.35,0.0,0.826579132121107,0.3669330299610757,2.8374181325910595
10,600,"BVAR-WN (tau=0.05, p0)",N/A,12.0,N/A,0.0,1.304564105781132,0.5760809457216925,4.6139525082646085
10,600,"BVAR-WN (tau=0.20, p0)",N/A,12.0,N/A,50.0,0.8642366412334991,0.8642366412334991,0.8642366412334991
10,600,"BVAR-WN (tau=0.35, p0)",N/A,12.0,N/A,0.0,1.1433515290825107,0.919928251842902,1.4381574816135176
10,600,"BVAR-WN (tau=0.50, p0)",N/A,12.0,N/A,0.0,2.4004770740269166,1.4176774523769426,4.443258202561644
10,600,"BVAR-WN (tau=0.65, p0)",N/A,12.0,N/A,0.0,2.265157333202529,1.3467365374533156,4.152757455193322
10,600,"BVAR-WN (tau=0.80, p0)",N/A,12.0,N/A,0.0,1.207142823429423,1.0110048856604479,1.4526455068677657
10,600,"BVAR-WN (tau=0.95, p0)",N/A,12.0,N/A,0.0,2.1444405299684615,1.2134091375748937,4.229460217469104
10,600,"BVAR-WN (MDD tau, p0)",N/A,12.0,0.35,0.0,1.1433515290825107,0.919928251842902,1.4381574816135176
